timestamp,x,y,z,vx,vy,vz,phi,theta,psi
1542353276.584118837,0,0,0,0,-0,0,0,0,0
1542353276.644115930,0,0,0,0,-0,0,0,0,0
1542353276.684107581,0,0,0,0,-0,0,0,0,0
1542353276.724159397,0,0,0,0,-0,0,0,0,0
1542353276.784118400,0,0,0,0,-0,0,0,0,0
1542353276.824133409,0,0,0,0,-0,0,0,0,0
1542353276.864140497,0,0,0,0,-0,0,0,0,0
1542353276.924115505,0,0,0,0,-0,0,0,0,0
1542353276.964113592,0,0,0,0,-0,0,0,0,0
1542353277.004115422,0,0,0,0,-0,0,0,0,0
1542353277.044111336,0,0,0,0,-0,0,0,0,0
1542353277.104122132,0,0,0,0,-0,0,0,0,0
1542353277.144121324,0,0,0,0,-0,0,0,0,0
1542353277.184109082,0,0,0,0,-0,0,0,0,0
1542353277.244122628,0,0,0,0,-0,0,0,0,0
1542353277.284106419,0,0,0,0,-0,0,0,0,0
1542353277.324117884,0,0,0,0,-0,0,0,0,0
1542353277.364110707,0,0,0,0,-0,0,0,0,0
1542353277.424119611,0,0,0,0,-0,0,0,0,0
1542353277.464138339,0,0,0,0,-0,0,0,0,0
1542353277.504127644,0,0,0,0,-0,0,0,0,0
1542353277.511707000,0.00575164,0.0110008,-0.154211,0,0,0,0.219633,-0.0806806,-0.206778
1542353277.604109295,0,0,0,0,-0,0,0,0,0
1542353277.644116123,0,0,0,0,-0,0,0,0,0
1542353277.704119832,0,0,0,0,-0,0,0,0,0
1542353277.744113566,0,0,0,0,-0,0,0,0,0
1542353277.784110551,0,0,0,0,-0,0,0,0,0
1542353277.824120025,0,0,0,0,-0,0,0,0,0
1542353277.884108255,0,0,0,0,-0,0,0,0,0
1542353277.924688601,0,0,0,0,-0,0,0,0,0
1542353277.964119310,0,0,0,0,-0,0,0,0,0
1542353278.024131598,0,0,0,0,-0,0,0,0,0
1542353278.015698000,-0.0115485,0.0181466,-0.159451,0,0,0,0.260587,0.179627,-0.0909056
1542353278.104110928,0,0,0,0,-0,0,0,0,0
1542353278.116494000,-0.0112585,0.031869,-0.164708,0,0,0,0.369888,0.170242,-0.0923648
1542353278.204126693,0,0,0,0,-0,0,0,0,0
1542353278.217306000,0.0215391,0.0412871,-0.148381,0,0,0,0.0681157,0.0275142,-0.0413849
1542353278.284121522,0,0,0,0,-0,0,0,0,0
1542353278.344121950,0,0,0,0,-0,0,0,0,0
1542353278.384133256,0,0,0,0,-0,0,0,0,0
1542353278.424131634,0,0,0,0,-0,0,0,0,0
1542353278.484111963,0,0,0,0,-0,0,0,0,0
1542353278.524115841,0,0,0,0,-0,0,0,0,0
1542353278.564114321,0,0,0,0,-0,0,0,0,0
1542353278.604110581,0,0,0,0,-0,0,0,0,0
1542353278.620502000,0.00287305,-0.029878,-0.144689,0,0,0,0.0739474,-0.0786761,0.0308259
1542353278.704136801,0,0,0,0,-0,0,0,0,0
1542353278.744114389,0,0,0,0,-0,0,0,0,0
1542353278.804127323,0,0,0,0,-0,0,0,0,0
1542353278.844110911,0,0,0,0,-0,0,0,0,0
1542353278.884116381,0,0,0,0,-0,0,0,0,0
1542353278.944127761,0,0,0,0,-0,0,0,0,0
1542353278.984117290,0,0,0,0,-0,0,0,0,0
1542353279.024108293,0,0,0,0,-0,0,0,0,0
1542353279.064122503,0,0,0,0,-0,0,0,0,0
1542353279.124111423,0,0,0,0,-0,0,0,0,0
1542353279.164143212,0,0,0,0,-0,0,0,0,0
1542353279.204135071,0,0,0,0,-0,0,0,0,0
1542353279.225287000,0.0165941,0.0495442,-0.148647,0,0,0,-0.00168856,0.175658,-0.0673858
1542353279.264123904,0,0,0,0,-0,0,0,0,0
1542353279.304117357,0,0,0,0,-0,0,0,0,0
1542353279.344119833,0,0,0,0,-0,0,0,0,0
1542353279.404128495,0,0,0,0,-0,0,0,0,0
1542353279.444124560,0,0,0,0,-0,0,0,0,0
1542353279.484134861,0,0,0,0,-0,0,0,0,0
1542353279.524120460,0,0,0,0,-0,0,0,0,0
1542353279.624116442,0,0,0,0,-0,0,0,0,0
1542353279.664110569,0,0,0,0,-0,0,0,0,0
1542353279.724113047,0,0,0,0,-0,0,0,0,0
1542353279.764138399,0,0,0,0,-0,0,0,0,0
1542353279.804123903,0,0,0,0,-0,0,0,0,0
1542353279.844121966,0,0,0,0,-0,0,0,0,0
1542353279.904111992,0,0,0,0,-0,0,0,0,0
1542353279.944133030,0,0,0,0,-0,0,0,0,0
1542353279.984120159,0,0,0,0,-0,0,0,0,0
1542353280.044115783,0,0,0,0,-0,0,0,0,0
1542353280.031698000,-0.00845222,-0.0267178,-0.142246,0,0,0,-0.0134054,0.0646247,0.140584
1542353280.124118461,0,0,0,0,-0,0,0,0,0
1542353280.132484000,-0.00595899,-0.0213262,-0.142205,0,0,0,0.00139709,-0.0198211,0.122074
1542353280.224110766,0,0,0,0,-0,0,0,0,0
1542353280.264119266,0,0,0,0,-0,0,0,0,0
1542353280.304137342,0,0,0,0,-0,0,0,0,0
1542353280.364120540,0,0,0,0,-0,0,0,0,0
1542353280.404139349,0,0,0,0,-0,0,0,0,0
1542353280.444130739,0,0,0,0,-0,0,0,0,0
1542353280.504122926,0,0,0,0,-0,0,0,0,0
1542353280.564128683,0,0,0,0,-0,0,0,0,0
1542353280.636503000,-0.00913345,0.00567018,-0.144318,0,0,0,0.0510241,-0.123063,-0.133032
1542353280.664154845,0,0,0,0,-0,0,0,0,0
1542353280.737301000,-0.0113234,0.0498723,-0.136165,0,0,0,-0.109813,-0.227172,-0.0530463
1542353280.824141748,0,0,0,0,-0,0,0,0,0
1542353280.864138151,0,0,0,0,-0,0,0,0,0
1542353280.904115547,0,0,0,0,-0,0,0,0,0
1542353280.944127845,0,0,0,0,-0,0,0,0,0
1542353281.004123648,0,0,0,0,-0,0,0,0,0
1542353281.044114771,0,0,0,0,-0,0,0,0,0
1542353281.084121815,0,0,0,0,-0,0,0,0,0
1542353281.124119599,0,0,0,0,-0,0,0,0,0
1542353281.140493000,-0.00729919,0.0146088,-0.148374,0,0,0,0.117139,-0.0058952,-0.150722
1542353281.204129065,0,0,0,0,-0,0,0,0,0
1542353281.241306000,-0.016498,0.00575017,-0.154467,0,0,0,0.20477,-0.0265663,-0.204911
1542353281.284126427,0,0,0,0,-0,0,0,0,0
1542353281.404116662,0,0,0,0,-0,0,0,0,0
1542353281.442913000,0.0182923,0.0355421,-0.14911,0,0,0,-0.0105578,-0.111503,0.021
1542353281.424132410,0,0,0,0,-0,0,0,0,0
1542353281.464126330,0,0,0,0,-0,0,0,0,0
1542353281.504120772,0,0,0,0,-0,0,0,0,0
1542353281.544121499,0,0,0,0,-0,0,0,0,0
1542353281.604120528,0,0,0,0,-0,0,0,0,0
1542353281.684124919,0,0,0,0,-0,0,0,0,0
1542353281.724127831,0,0,0,0,-0,0,0,0,0
1542353281.764122030,0,0,0,0,-0,0,0,0,0
1542353281.784141393,0,0,0,0,-0,0,0,0,0
1542353281.846067000,0.0132118,0.0104318,-0.144622,0,0,0,0.106112,0.202102,-0.0075732
1542353281.904136559,0,0,0,0,-0,0,0,0,0
1542353281.946888000,0.034849,0.00285922,-0.15085,0,0,0,0.134871,0.247789,0.0128871
1542353282.024133153,0,0,0,0,-0,0,0,0,0
1542353282.064167315,0,0,0,0,-0,0,0,0,0
1542353282.084111352,0,0,0,0,-0,0,0,0,0
1542353282.104125506,0,0,0,0,-0,0,0,0,0
1542353282.164166307,0,0,0,0,-0,0,0,0,0
1542353282.244117109,0,0,0,0,-0,0,0,0,0
1542353282.284138085,0,0,0,0,-0,0,0,0,0
1542353282.324139818,0,0,0,0,-0,0,0,0,0
1542353282.350052000,0.035323,0.021995,-0.13834,0,0,0,-0.266748,0.460345,0.0225912
1542353282.344127842,0,0,0,0,-0,0,0,0,0
1542353282.364145691,0,0,0,0,-0,0,0,0,0
1542353282.424127547,0,0,0,0,-0,0,0,0,0
1542353282.504116209,0,0,0,0,-0,0,0,0,0
1542353282.544174121,0,0,0,0,-0,0,0,0,0
1542353282.624120080,0,0,0,0,-0,0,0,0,0
1542353282.652458000,0.00780317,0.0299964,-0.143535,0,0,0,0.0571664,4.57836e-05,-0.0641074
1542353282.724117906,0,0,0,0,-0,0,0,0,0
1542353282.764111435,0,0,0,0,-0,0,0,0,0
1542353282.784127487,0,0,0,0,-0,0,0,0,0
1542353282.844123538,0,0,0,0,-0,0,0,0,0
1542353282.854056000,0.00899166,0.00129289,-0.155544,0,0,0,0.247175,-0.0653304,-0.21283
1542353282.904125426,0,0,0,0,-0,0,0,0,0
1542353282.924122260,0,0,0,0,-0,0,0,0,0
1542353282.984124919,0,0,0,0,-0,0,0,0,0
1542353283.055668000,-0.000256521,0.00607881,-0.151607,0,0,0,0.0920906,-0.121785,-0.0693666
1542353283.064126196,0,0,0,0,-0,0,0,0,0
1542353283.104113014,0,0,0,0,-0,0,0,0,0
1542353283.144102763,0,0,0,0,-0,0,0,0,0
1542353283.156470000,-0.0141297,0.0162364,-0.157306,0,0,0,0.144039,-0.115816,-0.0537046
1542353283.224127165,0,0,0,0,-0,0,0,0,0
1542353283.257270000,-0.0178679,0.010922,-0.158426,0,0,0,0.120767,-0.085611,-0.0114832
1542353283.364202184,0,0,0,0,-0,0,0,0,0
1542353283.358057000,-0.0385682,-0.00703258,-0.155978,0,0,0,0.0674606,-0.07106,0.000729126
1542353283.444110793,0,0,0,0,-0,0,0,0,0
1542353283.458873000,-0.00329323,0.00947371,-0.140528,0,0,0,-0.0406484,-0.0413518,-0.107686
1542353283.484108447,0,0,0,0,-0,0,0,0,0
1542353283.524122811,0,0,0,0,-0,0,0,0,0
1542353283.564114327,0,0,0,0,-0,0,0,0,0
1542353283.624119129,0,0,0,0,-0,0,0,0,0
1542353283.704125061,0,0,0,0,-0,0,0,0,0
1542353283.744127550,0,0,0,0,-0,0,0,0,0
1542353283.761247000,0.00119955,-0.0012639,-0.130449,0,0,0,-0.313383,-0.237713,-0.123525
1542353283.862047000,-0.00670963,0.00978801,-0.13419,0,0,0,0.0142538,-0.232274,-0.046239
1542353283.904126346,0,0,0,0,-0,0,0,0,0
1542353283.964120509,0,0,0,0,-0,0,0,0,0
1542353283.962863000,0.0137231,0.0163229,-0.13848,0,0,0,0.0901628,-0.467376,-0.0457681
1542353284.044125478,0,0,0,0,-0,0,0,0,0
1542353284.084142477,0,0,0,0,-0,0,0,0,0
1542353284.063676000,0.0201971,0.0483678,-0.145857,0,0,0,0.158224,-0.546499,-0.0978723
1542353284.124113123,0,0,0,0,-0,0,0,0,0
1542353284.184154601,0,0,0,0,-0,0,0,0,0
1542353284.164470000,0.0125206,0.048823,-0.142353,0,0,0,0.0715543,-0.639269,-0.101229
1542353284.264133732,0,0,0,0,-0,0,0,0,0
1542353284.284119641,0,0,0,0,-0,0,0,0,0
1542353284.304117038,0,0,0,0,-0,0,0,0,0
1542353284.344115215,0,0,0,0,-0,0,0,0,0
1542353284.384124818,0,0,0,0,-0,0,0,0,0
1542353284.464118671,0,0,0,0,-0,0,0,0,0
1542353284.524132278,0,0,0,0,-0,0,0,0,0
1542353284.567644000,-0.0128786,0.000318267,-0.142768,0,0,0,-0.00542801,0.0843172,0.126614
1542353284.644119264,0,0,0,0,-0,0,0,0,0
1542353284.668437000,0.0122593,0.0132601,-0.153381,0,0,0,0.234185,0.06644,-0.173973
1542353284.684116364,0,0,0,0,-0,0,0,0,0
1542353284.784194476,0,0,0,0,-0,0,0,0,0
1542353284.769248000,-0.00741569,0.00317018,-0.154667,0,0,0,0.253958,0.141817,-0.17293
1542353284.844109199,0,0,0,0,-0,0,0,0,0
1542353284.870028000,-0.0224533,-0.00905239,-0.146667,0,0,0,0.155588,0.216928,-0.164408
1542353284.904124852,0,0,0,0,-0,0,0,0,0
1542353284.944124571,0,0,0,0,-0,0,0,0,0
1542353284.984128702,0,0,0,0,-0,0,0,0,0
1542353285.024123361,0,0,0,0,-0,0,0,0,0
1542353285.064134336,0,0,0,0,-0,0,0,0,0
1542353285.172449000,0.0158265,0.0193436,-0.133422,0,0,0,0.0257603,0.133078,-0.0740243
1542353285.184125403,0,0,0,0,-0,0,0,0,0
1542353285.244122314,0,0,0,0,-0,0,0,0,0
1542353285.273244000,0.0197182,0.0352367,-0.127462,0,0,0,-0.0510491,0.133518,-0.0717899
1542353285.324131664,0,0,0,0,-0,0,0,0,0
1542353285.374036000,0.00709554,0.0144959,-0.124587,0,0,0,-0.0225821,0.144217,-0.105394
1542353285.464134371,0,0,0,0,-0,0,0,0,0
1542353285.474849000,0.0137696,0.012015,-0.137604,0,0,0,0.0566443,0.102457,0.0103535
1542353285.544119653,0,0,0,0,-0,0,0,0,0
1542353285.564126601,0,0,0,0,-0,0,0,0,0
1542353285.584168939,0,0,0,0,-0,0,0,0,0
1542353285.664123230,0,0,0,0,-0,0,0,0,0
1542353285.724123672,0,0,0,0,-0,0,0,0,0
1542353285.764126067,0,0,0,0,-0,0,0,0,0
1542353285.777226000,-0.00886627,-0.0285269,-0.155673,0,0,0,0.218162,0.225106,0.171143
1542353285.844172591,0,0,0,0,-0,0,0,0,0
1542353285.884172457,0,0,0,0,-0,0,0,0,0
1542353285.984109050,0,0,0,0,-0,0,0,0,0
1542353285.978841000,0.0371059,0.0154925,-0.16368,0,0,0,0.370077,0.236915,-0.0391492
1542353286.044124305,0,0,0,0,-0,0,0,0,0
1542353286.084116236,0,0,0,0,-0,0,0,0,0
1542353286.104127806,0,0,0,0,-0,0,0,0,0
1542353286.144118232,0,0,0,0,-0,0,0,0,0
1542353286.184112293,0,0,0,0,-0,0,0,0,0
1542353286.244117434,0,0,0,0,-0,0,0,0,0
1542353286.281254000,0.000950333,0.0256592,-0.14668,0,0,0,0.0156569,0.0967201,-0.00336449
1542353286.364112317,0,0,0,0,-0,0,0,0,0
1542353286.404116647,0,0,0,0,-0,0,0,0,0
1542353286.444128371,0,0,0,0,-0,0,0,0,0
1542353286.484127545,0,0,0,0,-0,0,0,0,0
1542353286.524124419,0,0,0,0,-0,0,0,0,0
1542353286.584138064,0,0,0,0,-0,0,0,0,0
1542353286.624108563,0,0,0,0,-0,0,0,0,0
1542353286.684413000,0.0275204,0.0426261,-0.148878,0,0,0,0.088957,0.0191082,-0.122885
1542353286.744113276,0,0,0,0,-0,0,0,0,0
1542353286.784111760,0,0,0,0,-0,0,0,0,0
1542353286.824110257,0,0,0,0,-0,0,0,0,0
1542353286.884129655,0,0,0,0,-0,0,0,0,0
1542353286.886013000,0.0200424,0.0408093,-0.158379,0,0,0,0.139871,-0.306643,-0.14382
1542353286.964140198,0,0,0,0,-0,0,0,0,0
1542353286.984136241,0,0,0,0,-0,0,0,0,0
1542353287.004125014,0,0,0,0,-0,0,0,0,0
1542353287.087641000,0.00321314,0.0142956,-0.147847,0,0,0,0.0749054,-0.135518,-0.0433769
1542353287.124153145,0,0,0,0,-0,0,0,0,0
1542353287.188417000,0.0134438,0.0165903,-0.14751,0,0,0,0.0949649,-0.247537,-0.0691246
1542353287.264121204,0,0,0,0,-0,0,0,0,0
1542353287.304125885,0,0,0,0,-0,0,0,0,0
1542353287.344145961,0,0,0,0,-0,0,0,0,0
1542353287.364122163,0,0,0,0,-0,0,0,0,0
1542353287.390039000,0.0191824,-0.00299495,-0.149775,0,0,0,0.133241,-0.179054,-0.0163776
1542353287.484118510,0,0,0,0,-0,0,0,0,0
1542353287.524112951,0,0,0,0,-0,0,0,0,0
1542353287.564123686,0,0,0,0,-0,0,0,0,0
1542353287.591640000,0.00726348,0.0287746,-0.148116,0,0,0,0.0714838,0.113778,-0.0494836
1542353287.604167467,0,0,0,0,-0,0,0,0,0
1542353287.644131767,0,0,0,0,-0,0,0,0,0
1542353287.684141762,0,0,0,0,-0,0,0,0,0
1542353287.724112408,0,0,0,0,-0,0,0,0,0
1542353287.764125374,0,0,0,0,-0,0,0,0,0
1542353287.824138713,0,0,0,0,-0,0,0,0,0
1542353287.884132998,0,0,0,0,-0,0,0,0,0
1542353287.904130561,0,0,0,0,-0,0,0,0,0
1542353287.944107848,0,0,0,0,-0,0,0,0,0
1542353287.994829000,0.00665614,0.0167596,-0.156471,0,0,0,0.147197,-0.11926,0.0626963
1542353288.064111089,0,0,0,0,-0,0,0,0,0
1542353288.124121109,0,0,0,0,-0,0,0,0,0
1542353288.164121790,0,0,0,0,-0,0,0,0,0
1542353288.204178068,0,0,0,0,-0,0,0,0,0
1542353288.244111595,0,0,0,0,-0,0,0,0,0
1542353288.284135821,0,0,0,0,-0,0,0,0,0
1542353288.324121198,0,0,0,0,-0,0,0,0,0
1542353288.384112633,0,0,0,0,-0,0,0,0,0
1542353288.398034000,0.00621894,0.0444554,-0.153472,0,0,0,0.00578243,-0.0825917,0.129535
1542353288.464110805,0,0,0,0,-0,0,0,0,0
1542353288.498817000,0.00587366,0.0344016,-0.162678,0,0,0,0.0900111,-0.0985153,0.221138
1542353288.544120994,0,0,0,0,-0,0,0,0,0
1542353288.584117012,0,0,0,0,-0,0,0,0,0
1542353288.599662000,-0.0019177,0.00954929,-0.163967,0,0,0,0.0529201,-0.0876704,0.268969
1542353288.624136054,0,0,0,0,-0,0,0,0,0
1542353288.700417000,0.00515768,0.010705,-0.167017,0,0,0,0.037886,-0.0762482,0.316119
1542353288.764152511,0,0,0,0,-0,0,0,0,0
1542353288.804118881,0,0,0,0,-0,0,0,0,0
1542353288.844107805,0,0,0,0,-0,0,0,0,0
1542353288.884166665,0,0,0,0,-0,0,0,0,0
1542353288.902029000,0.0429736,0.0193231,-0.180311,0,0,0,0.419266,-0.153053,-0.188687
1542353288.964121810,0,0,0,0,-0,0,0,0,0
1542353289.024142772,0,0,0,0,-0,0,0,0,0
1542353289.064104862,0,0,0,0,-0,0,0,0,0
1542353289.103624000,0.00903348,0.0101481,-0.159061,0,0,0,0.152173,0.048661,-0.0293851
1542353289.144126123,0,0,0,0,-0,0,0,0,0
1542353289.184124205,0,0,0,0,-0,0,0,0,0
1542353289.224129595,0,0,0,0,-0,0,0,0,0
1542353289.264118783,0,0,0,0,-0,0,0,0,0
1542353289.304126657,0,0,0,0,-0,0,0,0,0
1542353289.404128410,0,0,0,0,-0,0,0,0,0
1542353289.406008000,0.0089701,-0.0200908,-0.162353,0,0,0,0.131126,0.0409839,-0.0274619
1542353289.484074062,0,0,0,0,-0,0,0,0,0
1542353289.504121097,0,0,0,0,-0,0,0,0,0
1542353289.524122155,0,0,0,0,-0,0,0,0,0
1542353289.624115628,0,0,0,0,-0,0,0,0,0
1542353289.664116787,0,0,0,0,-0,0,0,0,0
1542353289.708398000,-0.025139,-0.04168,-0.141005,0,0,0,0.0261783,-0.103034,0.0118226
1542353289.784193211,0,0,0,0,-0,0,0,0,0
1542353289.824125138,0,0,0,0,-0,0,0,0,0
1542353289.864115247,0,0,0,0,-0,0,0,0,0
1542353289.910015000,0.00519343,-0.000972335,-0.143602,0,0,0,0.0269188,-0.00494911,0.0208873
1542353289.964119707,0,0,0,0,-0,0,0,0,0
1542353290.004156125,0,0,0,0,-0,0,0,0,0
1542353290.044108901,0,0,0,0,-0,0,0,0,0
1542353290.064129626,0,0,0,0,-0,0,0,0,0
1542353290.124124027,0,0,0,0,-0,0,0,0,0
1542353290.164125268,0,0,0,0,-0,0,0,0,0
1542353290.204113239,0,0,0,0,-0,0,0,0,0
1542353290.264131558,0,0,0,0,-0,0,0,0,0
1542353290.313196000,0.0232597,0.048557,-0.147303,0,0,0,0.0509948,0.0352393,-0.0175496
1542353290.384127982,0,0,0,0,-0,0,0,0,0
1542353290.424161686,0,0,0,0,-0,0,0,0,0
1542353290.444107072,0,0,0,0,-0,0,0,0,0
1542353290.464116683,0,0,0,0,-0,0,0,0,0
1542353290.514832000,0.0105561,0.0919108,-0.150248,0,0,0,0.098087,0.0735268,0.00135873
1542353290.604125698,0,0,0,0,-0,0,0,0,0
1542353290.615610000,0.0148793,0.0955614,-0.151804,0,0,0,0.117928,0.11296,-0.0277443
1542353290.684120588,0,0,0,0,0.00343612,0,0,0,0
1542353290.716398000,-0.00120883,0.0216728,-0.164764,0,0,0,0.354541,0.139771,-0.0541696
1542353290.724159705,0,0,0,0,0.00343612,0,0,0,0
1542353290.784142216,0,0,0,0,0.00343612,0,0,0,0
1542353290.864111821,0,0,0,0,0.00343612,0,0,0,0
1542353290.904122539,0,0,0,0,0.0481056,0,0,0,0
1542353290.964166317,0,0,0,0,0.0481056,0,0,0,0
1542353291.018788000,0.00461368,0.0333792,-0.187025,0,0,0,0.624881,-0.00119016,-0.190655
1542353291.084116314,0,0,0,0,0.0418061,0,0,0,0
1542353291.164130963,0,0,0,0,0.0418061,0,0,0,0
1542353291.204122309,0,0,0,0,0.0418061,0,0,0,0
1542353291.220382000,0.0165106,0.0373603,-0.164508,0,0,0,0.19743,-0.17278,-0.0660498
1542353291.244125888,0,0,0,0,0.0418061,0,0,0,0
1542353291.264127662,0,0,0,0,0.0418061,0,0,0,0
1542353291.284137286,0,0,0,0,0.0526871,0,0,0,0
1542353291.344132982,0,0,0,0,0.0526871,0,0,0,0
1542353291.424110935,0,0,0,0,0.0526871,0,0,0,0
1542353291.464112007,0,0,0,0,0.0526871,0,0,0,0
1542353291.504115298,0,0,0,0,0.117973,0,0,0,0
1542353291.524110634,0,0,0,0,0.117973,0,0,0,0
1542353291.584114532,0,0,0,0,0.117973,0,0,0,0
1542353291.623596000,0.0353669,0.0449586,-0.163082,0,0,0,0.0430351,-0.0204833,-0.175733
1542353291.684115768,0,0,0,0,0.212467,0,0,0,0
1542353291.744122654,0,0,0,0,0.212467,0,0,0,0
1542353291.784112774,0,0,0,0,0.212467,0,0,0,0
1542353291.844130227,0,0,0,0,0.212467,0,0,0,0
1542353291.884121062,0,0,0,0,0.269735,0,0,0,0
1542353291.925986000,0.0119539,0.111522,-0.149435,0,0,0,0.0928173,-0.000153252,-0.0732027
1542353291.944120738,0,0,0,0,0.269735,0,0,0,0
1542353292.024120002,0,0,0,0,0.269735,0,0,0,0
1542353292.026772000,0.0209375,0.122501,-0.150389,0,0,0,0.183382,0.022355,-0.0795716
1542353292.104112796,0,0,0,0,0.27718,0,0,0,0
1542353292.124107858,0,0,0,0,0.27718,0,0,0,0
1542353292.184124029,0,0,0,0,0.27718,0,0,0,0
1542353292.264111438,0,0,0,0,0.27718,0,0,0,0
1542353292.329190000,-0.00619082,0.243312,-0.135791,0,0,0,4.525e-05,0.0213422,-0.127141
1542353292.404114659,0,0,0,0,0.272026,0,0,0,0
1542353292.444124308,0,0,0,0,0.272026,0,0,0,0
1542353292.484162544,0,0,0,0,0.294361,0,0,0,0
1542353292.504108994,0,0,0,0,0.294361,0,0,0,0
1542353292.530771000,-0.0386257,0.279191,-0.129556,0,0,0,-0.186652,0.0992335,-0.043739
1542353292.564119429,0,0,0,0,0.294361,0,0,0,0
1542353292.624124465,0,0,0,0,0.294361,0,0,0,0
1542353292.631573000,-0.0197844,0.335858,-0.125607,0,0,0,-0.373749,0.294615,-0.0240316
1542353292.704126649,0,0,0,0,0.353347,0,0,0,0
1542353292.784117521,0,0,0,0,0.353347,0,0,0,0
1542353292.804152575,0,0,0,0,0.353347,0,0,0,0
1542353292.864120779,0,0,0,0,0.353347,0,0,0,0
1542353292.924118011,0,0,0,0,0.410043,0,0,0,0
1542353293.004131895,0,0,0,0,0.410043,0,0,0,0
1542353293.044298467,0,0,0,0,0.410043,0,0,0,0
1542353293.034783000,-0.0045059,0.439509,-0.139479,0,0,0,-0.129707,-0.0188259,-0.230978
1542353293.104173445,0,0,0,0,0.370528,0,0,0,0
1542353293.124120939,0,0,0,0,0.370528,0,0,0,0
1542353293.184115131,0,0,0,0,0.370528,0,0,0,0
1542353293.236372000,-0.0318772,0.528012,-0.131275,0,0,0,0.110325,-0.0746408,-0.241491
1542353293.264119296,0,0,0,0,0.370528,0,0,0,0
1542353293.304113449,0,0,0,0,0.229074,0,0,0,0
1542353293.344354007,0,0,0,0,0.229074,0,0,0,0
1542353293.364112631,0,0,0,0,0.229074,0,0,0,0
1542353293.384123206,0,0,0,0,0.229074,0,0,0,0
1542353293.424122546,0,0,0,0,0.229074,0,0,0,0
1542353293.484126655,0,0,0,0,0.0824668,0,0,0,0
1542353293.604179753,0,0,0,0,0.0824668,0,0,0,0
1542353293.644124205,0,0,0,0,0.0824668,0,0,0,0
1542353293.639571000,-0.0102464,0.636011,-0.138815,0,0,0,0.292653,-0.097583,-0.147382
1542353293.724110589,0,0,0,0,-0.0761673,0,0,0,0
1542353293.740397000,0.0210443,0.604807,-0.136721,0,0,0,0.0697454,-0.259714,-0.0935586
1542353293.824107039,0,0,0,0,-0.0761673,0,0,0,0
1542353293.864110290,0,0,0,0,-0.0761673,0,0,0,0
1542353293.904113918,0,0,0,0,0.00629955,0,0,0,0
1542353293.941966000,-0.0190074,0.549956,-0.1551,0,0,0,-0.0884258,-0.210244,-0.189475
1542353293.984115161,0,0,0,0,0.00629955,0,0,0,0
1542353294.044134278,0,0,0,0,0.00629955,0,0,0,0
1542353294.042761000,-0.0263402,0.554382,-0.155159,0,0,0,-0.0701202,-0.278018,-0.255772
1542353294.124106805,0,0,0,0,-0.0274889,0,0,0,0
1542353294.143578000,-0.0418491,0.528066,-0.162419,0,0,0,0.15123,-0.249936,-0.291444
1542353294.204123938,0,0,0,0,-0.0274889,0,0,0,0
1542353294.244106441,0,0,0,0,-0.0274889,0,0,0,0
1542353294.284110239,0,0,0,0,0.0040088,0,0,0,0
1542353294.404123065,0,0,0,0,0.0040088,0,0,0,0
1542353294.424118058,0,0,0,0,0.0040088,0,0,0,0
1542353294.464141506,0,0,0,0,0.0040088,0,0,0,0
1542353294.504119010,0,0,0,0,-0,0,0,0,0
1542353294.584117695,0,0,0,0,-0,0,0,0,0
1542353294.644136038,0,0,0,0,-0,0,0,0,0
1542353294.647581000,0.0342051,0.567701,-0.166105,0,0,0,-0.194483,-0.159644,-0.313518
1542353294.724160277,0,0,0,0,-0,0,0,0,0
1542353294.748358000,0.00568723,0.525374,-0.149659,0,0,0,-0.0621653,-0.118851,-0.293914
1542353294.804188264,0,0,0,0,-0,0,0,0,0
1542353294.844118722,0,0,0,0,-0,0,0,0,0
1542353294.884149843,0,0,0,0,-0,0,0,0,0
1542353294.944128512,0,0,0,0,-0,0,0,0,0
1542353294.984111489,0,0,0,0,-0,0,0,0,0
1542353295.044110022,0,0,0,0,-0,0,0,0,0
1542353295.050789000,0.00213741,0.544652,-0.139435,0,0,0,-0.332766,-0.170813,-0.264219
1542353295.144115949,0,0,0,0,-0,0,0,0,0
1542353295.184150086,0,0,0,0,-0,0,0,0,0
1542353295.204161466,0,0,0,0,-0,0,0,0,0
1542353295.252377000,-0.0296094,0.547898,-0.141522,0,0,0,-0.140174,-0.0619287,-0.0865167
1542353295.224110233,0,0,0,0,-0,0,0,0,0
1542353295.284113235,0,0,0,0,-0,0,0,0,0
1542353295.364117768,0,0,0,0,-0,0,0,0,0
1542353295.404119983,0,0,0,0,-0,0,0,0,0
1542353295.453941000,-0.0205487,0.524536,-0.131614,0,0,0,-0.246794,-0.149319,-0.0608977
1542353295.464116090,0,0,0,0,-0,0,0,0,0
1542353295.484160424,0,0,0,0,-0,0,0,0,0
1542353295.554743000,0.0295277,0.57812,-0.1488,0,0,0,-0.0156011,0.0478489,-0.281335
1542353295.564170134,0,0,0,0,-0,0,0,0,0
1542353295.624116044,0,0,0,0,-0,0,0,0,0
1542353295.655542000,0.0596645,0.590652,-0.152094,0,0,0,-0.0108499,-0.0459516,-0.366061
1542353295.744120837,0,0,0,0,-0,0,0,0,0
1542353295.784125693,0,0,0,0,-0,0,0,0,0
1542353295.824161467,0,0,0,0,-0,0,0,0,0
1542353295.864164847,0,0,0,0,-0,0,0,0,0
1542353295.904137414,0,0,0,0,-0.00286343,0,0,0,0
1542353295.964118477,0,0,0,0,-0.00286343,0,0,0,0
1542353296.004120851,0,0,0,0,-0.00286343,0,0,0,0
1542353296.044120634,0,0,0,0,-0.00286343,0,0,0,0
1542353296.058752000,-0.0104181,0.511694,-0.149932,0,0,0,-0.059319,0.00627033,-0.207171
1542353296.124113361,0,0,0,0,-0,0,0,0,0
1542353296.164116382,0,0,0,0,-0,0,0,0,0
1542353296.204108757,0,0,0,0,-0,0,0,0,0
1542353296.260362000,0.0085901,0.507327,-0.152851,0,0,0,0.0271143,0.127418,-0.177304
1542353296.344123608,0,0,0,0,-0,0,0,0,0
1542353296.361144000,0.00678029,0.544377,-0.151364,0,0,0,-0.0508198,-0.0377887,-0.259947
1542353296.384126024,0,0,0,0,-0,0,0,0,0
1542353296.464115212,0,0,0,0,-0,0,0,0,0
1542353296.504119218,0,0,0,0,-0,0,0,0,0
1542353296.544125589,0,0,0,0,-0,0,0,0,0
1542353296.564113172,0,0,0,0,-0,0,0,0,0
1542353296.584135894,0,0,0,0,-0,0,0,0,0
1542353296.663540000,0.0102155,0.548798,-0.147618,0,0,0,-0.0684874,-0.493736,-0.342981
1542353296.764121216,0,0,0,0,-0,0,0,0,0
1542353296.784121858,0,0,0,0,-0,0,0,0,0
1542353296.804107383,0,0,0,0,-0,0,0,0,0
1542353296.865135000,0.0421124,0.55296,-0.154211,0,0,0,0.0260001,-0.0951689,-0.10392
1542353296.904140104,0,0,0,0,-0,0,0,0,0
1542353296.984123702,0,0,0,0,-0,0,0,0,0
1542353297.024116460,0,0,0,0,-0,0,0,0,0
1542353297.064102848,0,0,0,0,-0,0,0,0,0
1542353297.084127323,0,0,0,0,-0,0,0,0,0
1542353297.104122447,0,0,0,0,-0,0,0,0,0
1542353297.144120914,0,0,0,0,-0,0,0,0,0
1542353297.284122052,0,0,0,0,-0,0,0,0,0
1542353297.268349000,-0.00939934,0.511488,-0.154057,0,0,0,0.000857876,-0.0149252,-0.232638
1542353297.364115418,0,0,0,0,-0,0,0,0,0
1542353297.369134000,-0.0211874,0.493277,-0.149606,0,0,0,-0.0133438,0.0703283,-0.187206
1542353297.444177366,0,0,0,0,-0,0,0,0,0
1542353297.484147815,0,0,0,0,-0,0,0,0,0
1542353297.544123897,0,0,0,0,-0,0,0,0,0
1542353297.570743000,-0.0104249,0.554484,-0.162328,0,0,0,0.0633066,-0.219796,-0.257578
1542353297.624111007,0,0,0,0,-0,0,0,0,0
1542353297.664117944,0,0,0,0,-0,0,0,0,0
1542353297.704116630,0,0,0,0,-0,0,0,0,0
1542353297.744130406,0,0,0,0,-0,0,0,0,0
1542353297.772333000,-0.0325274,0.597231,-0.161193,0,0,0,-0.0316125,-0.330984,-0.384446
1542353297.784231668,0,0,0,0,-0,0,0,0,0
1542353297.844116269,0,0,0,0,-0,0,0,0,0
1542353297.884117181,0,0,0,0,-0,0,0,0,0
1542353297.944120262,0,0,0,0,-0,0,0,0,0
1542353297.973964000,-0.00956089,0.540693,-0.136499,0,0,0,-0.117121,0.0612412,-0.105428
1542353298.044137373,0,0,0,0,-0,0,0,0,0
1542353298.084139856,0,0,0,0,-0,0,0,0,0
1542353298.104130514,0,0,0,0,-0,0,0,0,0
1542353298.124117853,0,0,0,0,-0,0,0,0,0
1542353298.175565000,-0.0721563,0.501361,-0.134179,0,0,0,-0.141136,0.0207796,0.0799267
1542353298.264119735,0,0,0,0,-0,0,0,0,0
1542353298.276367000,-0.0856829,0.481341,-0.126727,0,0,0,-0.189094,0.0983202,0.132063
1542353298.344142460,0,0,0,0,-0,0,0,0,0
1542353298.364109796,0,0,0,0,-0,0,0,0,0
1542353298.384163622,0,0,0,0,-0,0,0,0,0
1542353298.404161334,0,0,0,0,-0,0,0,0,0
1542353298.504135725,0,0,0,0,-0,0,0,0,0
1542353298.644178216,0,0,0,0,-0,0,0,0,0
1542353298.664120591,0,0,0,0,-0,0,0,0,0
1542353298.684110860,0,0,0,0,-0,0,0,0,0
1542353298.724120821,0,0,0,0,-0,0,0,0,0
1542353298.784123623,0,0,0,0,-0,0,0,0,0
1542353298.864117112,0,0,0,0,-0,0,0,0,0
1542353298.904137206,0,0,0,0,-0,0,0,0,0
1542353298.944111403,0,0,0,0,-0,0,0,0,0
1542353298.964114979,0,0,0,0,-0,0,0,0,0
1542353298.984122905,0,0,0,0,-0,0,0,0,0
1542353299.044111826,0,0,0,0,-0,0,0,0,0
1542353299.124182243,0,0,0,0,-0,0,0,0,0
1542353299.164121711,0,0,0,0,-0,0,0,0,0
1542353299.224111016,0,0,0,0,-0,0,0,0,0
1542353299.244139186,0,0,0,0,-0,0,0,0,0
1542353299.284325000,0.00901459,0.571927,-0.163897,0,0,0,0.156307,0.0417803,-0.0240385
1542353299.384110044,0,0,0,0,-0,0,0,0,0
1542353299.385121000,-0.0334526,0.538119,-0.171923,0,0,0,0.284983,0.020742,0.0246216
1542353299.464126246,0,0,0,0,-0,0,0,0,0
1542353299.484127164,0,0,0,0,-0,0,0,0,0
1542353299.504124430,0,0,0,0,-0,0,0,0,0
1542353299.586714000,-0.011054,0.456597,-0.158967,0,0,0,0.206276,0.0824101,-0.208946
1542353299.604161235,0,0,0,0,-0,0,0,0,0
1542353299.684121030,0,0,0,0,0.0040088,0,0,0,0
1542353299.724114745,0,0,0,0,0.0040088,0,0,0,0
1542353299.804118696,0,0,0,0,0.0040088,0,0,0,0
1542353299.864111607,0,0,0,0,0.0040088,0,0,0,0
1542353299.984184540,0,0,0,0,0.0223348,0,0,0,0
1542353299.989904000,-0.00809261,0.505018,-0.150008,0,0,0,0.096888,0.0194959,-0.113821
1542353300.064120832,0,0,0,0,0.0223348,0,0,0,0
1542353300.090714000,-0.0275952,0.463328,-0.145766,0,0,0,0.0196948,0.144635,-0.120761
1542353300.144121130,0,0,0,0,0.0469603,0,0,0,0
1542353300.184111177,0,0,0,0,0.0469603,0,0,0,0
1542353300.191518000,-0.034238,0.436586,-0.15245,0,0,0,0.0706566,0.0256055,-0.18408
1542353300.304121472,0,0,0,0,0.101938,0,0,0,0
1542353300.292318000,-0.0413482,0.390237,-0.159043,0,0,0,0.149769,0.0308989,-0.167132
1542353300.344122730,0,0,0,0,0.101938,0,0,0,0
1542353300.393121000,-0.05417,0.379974,-0.165909,0,0,0,0.149516,-0.0364916,-0.169253
1542353300.424123613,0,0,0,0,0.101938,0,0,0,0
1542353300.584108763,0,0,0,0,0.150044,0,0,0,0
1542353300.624129965,0,0,0,0,0.150044,0,0,0,0
1542353300.664113209,0,0,0,0,0.150044,0,0,0,0
1542353300.704137676,0,0,0,0,0.208458,0,0,0,0
1542353300.695513000,-0.00665105,0.482579,-0.1748,0,0,0,-0.232185,-0.0349979,-0.226445
1542353300.804156631,0,0,0,0,0.208458,0,0,0,0
1542353300.844116127,0,0,0,0,0.208458,0,0,0,0
1542353300.884115092,0,0,0,0,0.251982,0,0,0,0
1542353300.904208657,0,0,0,0,0.251982,0,0,0,0
1542353300.924116242,0,0,0,0,0.251982,0,0,0,0
1542353301.004171691,0,0,0,0,0.251982,0,0,0,0
1542353301.044128211,0,0,0,0,0.251982,0,0,0,0
1542353301.104117744,0,0,0,0,0.266872,0,0,0,0
1542353301.144114772,0,0,0,0,0.266872,0,0,0,0
1542353301.184127295,0,0,0,0,0.266872,0,0,0,0
1542353301.264159886,0,0,0,0,0.266872,0,0,0,0
1542353301.199524000,-0.0388496,0.71751,-0.177724,0,0,0,-0.163534,0.0344178,-0.0975947
1542353301.300311000,-0.0344113,0.733033,-0.186521,0,0,0,-0.130031,0.0193277,-0.143431
1542353301.404164825,0,0,0,0,0.281762,0,0,0,0
1542353301.444126342,0,0,0,0,0.281762,0,0,0,0
1542353301.484106928,0,0,0,0,0.313259,0,0,0,0
1542353301.501921000,0.0151242,0.799859,-0.187369,0,0,0,-0.102032,0.152149,-0.233019
1542353301.524181450,0,0,0,0,0.313259,0,0,0,0
1542353301.564115177,0,0,0,0,0.313259,0,0,0,0
1542353301.604125667,0,0,0,0,0.313259,0,0,0,0
1542353301.644113900,0,0,0,0,0.313259,0,0,0,0
1542353301.704135297,0,0,0,0,0.359647,0,0,0,0
1542353301.804320000,0.00115832,0.932709,-0.174049,0,0,0,-0.369578,0.0621658,-0.319948
1542353301.864115737,0,0,0,0,0.359647,0,0,0,0
1542353301.884124686,0,0,0,0,0.412334,0,0,0,0
1542353301.905085000,-0.0170814,0.967817,-0.207209,0,0,0,-0.123924,-0.0201392,-0.514953
1542353301.984111578,0,0,0,0,0.412334,0,0,0,0
1542353302.005908000,0.00194208,0.979343,-0.198598,0,0,0,-0.262359,0.0115994,-0.513089
1542353302.044121062,0,0,0,0,0.412334,0,0,0,0
1542353302.084112406,0,0,0,0,0.43696,0,0,0,0
1542353302.124119761,0,0,0,0,0.43696,0,0,0,0
1542353302.164161971,0,0,0,0,0.43696,0,0,0,0
1542353302.204113579,0,0,0,0,0.43696,0,0,0,0
1542353302.207489000,-0.00714391,1.09365,-0.195348,0,0,0,-0.0894411,0.0333902,-0.489461
1542353302.244144143,0,0,0,0,0.43696,0,0,0,0
1542353302.284129502,0,0,0,0,0.462158,0,0,0,0
1542353302.324202779,0,0,0,0,0.462158,0,0,0,0
1542353302.384172817,0,0,0,0,0.462158,0,0,0,0
1542353302.409089000,-0.026775,1.19941,-0.198713,0,0,0,-0.152284,-0.0341177,-0.589216
1542353302.464096160,0,0,0,0,0.462158,0,0,0,0
1542353302.509888000,-0.0607739,1.24624,-0.206826,0,0,0,-0.121026,0.0765605,-0.582819
1542353302.544190740,0,0,0,0,0.481629,0,0,0,0
1542353302.610686000,0.00279766,1.24646,-0.198648,0,0,0,-0.170672,0.0980705,-0.413163
1542353302.624115844,0,0,0,0,0.481629,0,0,0,0
1542353302.684116645,0,0,0,0,0.536034,0,0,0,0
1542353302.764116943,0,0,0,0,0.536034,0,0,0,0
1542353302.804116101,0,0,0,0,0.536034,0,0,0,0
1542353302.844118901,0,0,0,0,0.536034,0,0,0,0
1542353302.864129925,0,0,0,0,0.536034,0,0,0,0
1542353302.913092000,-0.0241152,1.41609,-0.191773,0,0,0,-0.243051,-0.12104,-0.348174
1542353302.884110783,0,0,0,0,0.582422,0,0,0,0
1542353302.984112409,0,0,0,0,0.582422,0,0,0,0
1542353303.024131590,0,0,0,0,0.582422,0,0,0,0
1542353303.084125599,0,0,0,0,0.614492,0,0,0,0
1542353303.114670000,0.00566384,1.56188,-0.179489,0,0,0,-0.10367,-0.123618,-0.589201
1542353303.184137147,0,0,0,0,0.614492,0,0,0,0
1542353303.224189325,0,0,0,0,0.614492,0,0,0,0
1542353303.244127242,0,0,0,0,0.614492,0,0,0,0
1542353303.316294000,0.012135,1.64914,-0.183488,0,0,0,-0.0298162,-0.22251,-0.527651
1542353303.404123553,0,0,0,0,0.636827,0,0,0,0
1542353303.444201250,0,0,0,0,0.636827,0,0,0,0
1542353303.484138257,0,0,0,0,0.653435,0,0,0,0
1542353303.524106775,0,0,0,0,0.653435,0,0,0,0
1542353303.584123255,0,0,0,0,0.653435,0,0,0,0
1542353303.624128164,0,0,0,0,0.653435,0,0,0,0
1542353303.704120559,0,0,0,0,0.695241,0,0,0,0
1542353303.719490000,0.0105252,1.94523,-0.168248,0,0,0,-0.753492,-0.514424,-0.696152
1542353303.744112042,0,0,0,0,0.695241,0,0,0,0
1542353303.784125232,0,0,0,0,0.695241,0,0,0,0
1542353303.820281000,-0.00985749,1.99105,-0.19328,0,0,0,-0.474311,-0.0991501,-0.552259
1542353303.864129850,0,0,0,0,0.695241,0,0,0,0
1542353303.924170695,0,0,0,0,0.7548,0,0,0,0
1542353303.921104000,-0.00437992,2.08735,-0.194447,0,0,0,-0.453012,0.00909184,-0.67542
1542353304.004123710,0,0,0,0,0.7548,0,0,0,0
1542353304.024113659,0,0,0,0,0.7548,0,0,0,0
1542353304.044114608,0,0,0,0,0.7548,0,0,0,0
1542353304.084152540,0,0,0,0,0.781717,0,0,0,0
1542353304.124122255,0,0,0,0,0.781717,0,0,0,0
1542353304.164128712,0,0,0,0,0.781717,0,0,0,0
1542353304.244111317,0,0,0,0,0.781717,0,0,0,0
1542353304.384119910,0,0,0,0,0.809778,0,0,0,0
1542353304.404230204,0,0,0,0,0.809778,0,0,0,0
1542353304.425062000,0.0511421,2.38714,-0.208721,0,0,0,-0.61003,0.12064,-3.3965
1542353304.464120307,0,0,0,0,0.809778,0,0,0,0
1542353304.525885000,0.0563441,2.46102,-0.208801,0,0,0,-0.824841,0.235654,-3.89026
1542353304.604129132,0,0,0,0,0.848721,0,0,0,0
1542353304.626686000,0.0593569,2.57346,-0.220379,0,0,0,-0.585849,-0.044675,-5.34212
1542353304.684111971,0,0,0,0,0.879646,0,0,0,0
1542353304.704130566,0,0,0,0,0.879646,0,0,0,0
1542353304.724129284,0,0,0,0,0.879646,0,0,0,0
1542353304.828281000,0.119504,2.67549,-0.234722,0,0,0,-0.417799,-0.126016,-6.98071
1542353304.804117872,0,0,0,0,0.879646,0,0,0,0
1542353304.944190059,0,0,0,0,0.915152,0,0,0,0
1542353304.929066000,0.119816,2.74597,-0.23838,0,0,0,-0.406685,-0.209004,-7.84005
1542353304.984116254,0,0,0,0,0.915152,0,0,0,0
1542353305.004108911,0,0,0,0,0.915152,0,0,0,0
1542353305.029874000,0.167584,2.89616,-0.247241,0,0,0,-0.416329,-0.0598782,-8.90244
1542353305.124119305,0,0,0,0,0.940923,0,0,0,0
1542353305.130666000,0.239842,2.98073,-0.242458,0,0,0,-0.486405,-0.0463936,-9.7165
1542353305.204124666,0,0,0,0,0.940923,0,0,0,0
1542353305.224116633,0,0,0,0,0.940923,0,0,0,0
1542353305.244129733,0,0,0,0,0.940923,0,0,0,0
1542353305.284107091,0,0,0,0,0.986166,0,0,0,0
1542353305.324108438,0,0,0,0,0.986166,0,0,0,0
1542353305.424114987,0,0,0,0,0.986166,0,0,0,0
1542353305.464130186,0,0,0,0,0.986166,0,0,0,0
1542353305.524140436,0,0,0,0,1.02167,0,0,0,0
1542353305.624124013,0,0,0,0,1.02167,0,0,0,0
1542353305.634660000,0.342341,3.43017,-0.214973,0,0,0,-0.594978,-0.191391,-14.0812
1542353305.684122481,0,0,0,0,1.06921,0,0,0,0
1542353305.704120200,0,0,0,0,1.06921,0,0,0,0
1542353305.804111026,0,0,0,0,1.06921,0,0,0,0
1542353305.836262000,0.448365,3.61925,-0.266346,0,0,0,-0.390456,-0.243197,-16.5493
1542353305.884125185,0,0,0,0,1.07894,0,0,0,0
1542353305.904171851,0,0,0,0,1.07894,0,0,0,0
1542353305.964089605,0,0,0,0,1.07894,0,0,0,0
1542353305.937069000,0.452517,3.70829,-0.276102,0,0,0,-0.239164,-0.253659,-17.3426
1542353306.004175361,0,0,0,0,1.07894,0,0,0,0
1542353306.044169172,0,0,0,0,1.07894,0,0,0,0
1542353306.064141760,0,0,0,0,1.07894,0,0,0,0
1542353306.138651000,0.526201,3.89955,-0.291117,0,0,0,-0.184796,0.0531858,-18.8503
1542353306.224128440,0,0,0,0,1.11387,0,0,0,0
1542353306.239464000,0.61212,4.04239,-0.263204,0,0,0,-0.429445,-0.0709486,-19.368
1542353306.284109965,0,0,0,0,1.14709,0,0,0,0
1542353306.344109206,0,0,0,0,1.14709,0,0,0,0
1542353306.404119731,0,0,0,0,1.14709,0,0,0,0
1542353306.444107931,0,0,0,0,1.14709,0,0,0,0
1542353306.441054000,0.710434,4.24981,-0.258023,0,0,0,-0.528264,0.0344643,-20.7495
1542353306.524122519,0,0,0,0,1.19004,0,0,0,0
1542353306.541843000,0.789251,4.36158,-0.24536,0,0,0,-0.727594,0.0672556,-21.4033
1542353306.604141552,0,0,0,0,1.19004,0,0,0,0
1542353306.642652000,0.841881,4.48928,-0.237647,0,0,0,-0.778738,-0.073031,-22.1931
1542353306.684109633,0,0,0,0,1.26449,0,0,0,0
1542353306.743498000,0.835816,4.62427,-0.23567,0,0,0,-0.695718,-0.492695,-23.3596
1542353306.744112848,0,0,0,0,1.26449,0,0,0,0
1542353306.804195944,0,0,0,0,1.26449,0,0,0,0
1542353306.824102717,0,0,0,0,1.26449,0,0,0,0
1542353306.864116655,0,0,0,0,1.26449,0,0,0,0
1542353306.944109619,0,0,0,0,1.26277,0,0,0,0
1542353306.945052000,0.934015,4.79981,-0.220535,0,0,0,-0.814555,-0.891917,-24.7982
1542353307.044106082,0,0,0,0,1.26277,0,0,0,0
1542353307.084121330,0,0,0,0,1.2559,0,0,0,0
1542353307.124129652,0,0,0,0,1.2559,0,0,0,0
1542353307.164127366,0,0,0,0,1.2559,0,0,0,0
1542353307.204155093,0,0,0,0,1.2559,0,0,0,0
1542353307.244114126,0,0,0,0,1.2559,0,0,0,0
1542353307.304121249,0,0,0,0,1.3126,0,0,0,0
1542353307.344128666,0,0,0,0,1.3126,0,0,0,0
1542353307.404115329,0,0,0,0,1.3126,0,0,0,0
1542353307.449033000,1.28049,5.36868,-0.276317,0,0,0,-0.106286,-0.36298,-29.509
1542353307.464119399,0,0,0,0,1.3126,0,0,0,0
1542353307.504166684,0,0,0,0,1.3985,0,0,0,0
1542353307.549862000,1.3478,5.50785,-0.266051,0,0,0,-0.307343,-0.314992,-30.4704
1542353307.644110094,0,0,0,0,1.3985,0,0,0,0
1542353307.650643000,1.39659,5.62213,-0.258437,0,0,0,-0.436549,-0.218642,-31.4379
1542353307.724127973,0,0,0,0,1.42713,0,0,0,0
1542353307.744107354,0,0,0,0,1.42713,0,0,0,0
1542353307.764222088,0,0,0,0,1.42713,0,0,0,0
1542353307.804110915,0,0,0,0,1.42713,0,0,0,0
1542353307.864123183,0,0,0,0,1.42713,0,0,0,0
1542353307.944111034,0,0,0,0,1.41568,0,0,0,0
1542353307.984132820,0,0,0,0,1.41568,0,0,0,0
1542353307.953052000,1.68882,5.9038,-0.266761,0,0,0,-0.812611,-0.396429,-34.3475
1542353308.044123446,0,0,0,0,1.41568,0,0,0,0
1542353308.053845000,1.75901,6.00475,-0.252623,0,0,0,-1.1675,-0.242631,-35.3153
1542353308.104114648,0,0,0,0,1.4048,0,0,0,0
1542353308.154630000,1.84224,6.10059,-0.228341,0,0,0,-1.62704,-0.116046,-36.3306
1542353308.244122323,0,0,0,0,1.4048,0,0,0,0
1542353308.255453000,1.99862,6.21105,-0.281999,0,0,0,-0.890077,-0.261051,-37.4111
1542353308.324119374,0,0,0,0,1.49815,0,0,0,0
1542353308.364154336,0,0,0,0,1.49815,0,0,0,0
1542353308.404122215,0,0,0,0,1.49815,0,0,0,0
1542353308.464120637,0,0,0,0,1.49815,0,0,0,0
1542353308.457050000,2.17884,6.40964,-0.271469,0,0,0,-0.938066,-0.237247,-39.4016
1542353308.544110734,0,0,0,0,1.55656,0,0,0,0
1542353308.557833000,2.28805,6.50462,-0.272661,0,0,0,-0.99356,-0.226704,-40.4041
1542353308.624128663,0,0,0,0,1.55656,0,0,0,0
1542353308.664120836,0,0,0,0,1.55656,0,0,0,0
1542353308.704118002,0,0,0,0,1.56343,0,0,0,0
1542353308.759455000,2.51122,6.72371,-0.296329,0,0,0,-0.751695,-0.663636,-42.4743
1542353308.804161625,0,0,0,0,1.56343,0,0,0,0
1542353308.860229000,2.63874,6.81672,-0.289728,0,0,0,-0.781592,-0.702688,-43.5286
1542353308.884131209,0,0,0,0,1.48669,0,0,0,0
1542353308.924120334,0,0,0,0,1.48669,0,0,0,0
1542353308.964123882,0,0,0,0,1.48669,0,0,0,0
1542353308.984131378,0,0,0,0,1.48669,0,0,0,0
1542353309.004134648,0,0,0,0,1.48669,0,0,0,0
1542353309.064082732,0,0,0,0,1.48669,0,0,0,0
1542353309.144132062,0,0,0,0,1.46779,0,0,0,0
1542353309.184114393,0,0,0,0,1.46779,0,0,0,0
1542353309.244114927,0,0,0,0,1.46779,0,0,0,0
1542353309.364568000,3.08277,7.32781,-0.300434,0,0,0,-0.512348,-0.49554,-48.419
1542353309.404127732,0,0,0,0,1.51132,0,0,0,0
1542353309.444114624,0,0,0,0,1.51132,0,0,0,0
1542353309.504122452,0,0,0,0,1.51533,0,0,0,0
1542353309.564109323,0,0,0,0,1.51533,0,0,0,0
1542353309.565830000,3.39095,7.45966,-0.324657,0,0,0,-0.875152,-0.582059,-51.0749
1542353309.664123778,0,0,0,0,1.51533,0,0,0,0
1542353309.666619000,3.51679,7.52982,-0.333219,0,0,0,-0.981359,-0.67581,-52.4297
1542353309.744114029,0,0,0,0,1.48211,0,0,0,0
1542353309.784117829,0,0,0,0,1.48211,0,0,0,0
1542353309.824108461,0,0,0,0,1.48211,0,0,0,0
1542353309.868218000,3.77527,7.71104,-0.32938,0,0,0,-0.260164,-0.791401,-55.5869
1542353309.924113204,0,0,0,0,1.51246,0,0,0,0
1542353309.984111639,0,0,0,0,1.51246,0,0,0,0
1542353309.969033000,3.90339,7.77574,-0.330326,0,0,0,-0.0638349,-0.989605,-56.8027
1542353310.044123838,0,0,0,0,1.51246,0,0,0,0
1542353310.069819000,4.02059,7.83124,-0.32815,0,0,0,0.0157501,-1.31409,-57.9918
1542353310.124124939,0,0,0,0,1.5474,0,0,0,0
1542353310.170613000,4.11615,7.89915,-0.337248,0,0,0,0.0723555,-1.45217,-59.1248
1542353310.224131709,0,0,0,0,1.5474,0,0,0,0
1542353310.271414000,4.31795,7.94215,-0.329142,0,0,0,-0.522631,-0.854582,-60.1008
1542353310.344118983,0,0,0,0,1.47467,0,0,0,0
1542353310.384162364,0,0,0,0,1.47467,0,0,0,0
1542353310.404118202,0,0,0,0,1.47467,0,0,0,0
1542353310.424110962,0,0,0,0,1.47467,0,0,0,0
1542353310.464120799,0,0,0,0,1.47467,0,0,0,0
1542353310.524111877,0,0,0,0,1.49357,0,0,0,0
1542353310.604118811,0,0,0,0,1.49357,0,0,0,0
1542353310.644136298,0,0,0,0,1.49357,0,0,0,0
1542353310.704111052,0,0,0,0,1.51762,0,0,0,0
1542353310.724121706,0,0,0,0,1.51762,0,0,0,0
1542353310.775418000,4.95839,8.18986,-0.332771,0,0,0,-1.46264,-0.918551,-65.986
1542353310.764130008,0,0,0,0,1.51762,0,0,0,0
1542353310.804130772,0,0,0,0,1.51762,0,0,0,0
1542353310.864120760,0,0,0,0,1.51762,0,0,0,0
1542353310.944107459,0,0,0,0,1.50273,0,0,0,0
1542353310.984178649,0,0,0,0,1.50273,0,0,0,0
1542353311.024120824,0,0,0,0,1.50273,0,0,0,0
1542353311.044122067,0,0,0,0,1.50273,0,0,0,0
1542353311.104123299,0,0,0,0,1.49242,0,0,0,0
1542353311.164118345,0,0,0,0,1.49242,0,0,0,0
1542353311.178604000,5.4974,8.32994,-0.374735,0,0,0,-0.992497,-1.30358,-70.5979
1542353311.264127601,0,0,0,0,1.49242,0,0,0,0
1542353311.279404000,5.65121,8.35753,-0.364571,0,0,0,-1.24885,-1.34648,-71.3917
1542353311.324122164,0,0,0,0,1.4907,0,0,0,0
1542353311.380211000,5.80706,8.39087,-0.365427,0,0,0,-1.21865,-1.53555,-71.9237
1542353311.404134043,0,0,0,0,1.4907,0,0,0,0
1542353311.481010000,5.94443,8.45374,-0.379433,0,0,0,-0.755148,-1.19948,-72.0005
1542353311.504131163,0,0,0,0,1.51934,0,0,0,0
1542353311.584122386,0,0,0,0,1.51934,0,0,0,0
1542353311.604136838,0,0,0,0,1.51934,0,0,0,0
1542353311.664114514,0,0,0,0,1.51934,0,0,0,0
1542353311.684140813,0,0,0,0,1.51475,0,0,0,0
1542353311.704121035,0,0,0,0,1.51475,0,0,0,0
1542353311.764129490,0,0,0,0,1.51475,0,0,0,0
1542353311.844109119,0,0,0,0,1.51475,0,0,0,0
1542353311.884124331,0,0,0,0,1.48326,0,0,0,0
1542353311.985008000,6.59284,8.69574,-0.403965,0,0,0,-0.257513,-0.311319,-72.6548
1542353312.064141423,0,0,0,0,1.48326,0,0,0,0
1542353312.104123099,0,0,0,0,1.51762,0,0,0,0
1542353312.144119493,0,0,0,0,1.51762,0,0,0,0
1542353312.164121388,0,0,0,0,1.51762,0,0,0,0
1542353312.186606000,6.80099,8.77164,-0.411986,0,0,0,-0.284834,-0.196641,-72.638
1542353312.224143762,0,0,0,0,1.51762,0,0,0,0
1542353312.287400000,6.91615,8.81905,-0.411217,0,0,0,-0.165672,-0.0520704,-72.72
1542353312.364118910,0,0,0,0,1.51647,0,0,0,0
1542353312.388199000,7.10688,8.83138,-0.421316,0,0,0,-0.433631,-1.04765,-73.0583
1542353312.404113221,0,0,0,0,1.51647,0,0,0,0
1542353312.444107765,0,0,0,0,1.51647,0,0,0,0
1542353312.484109764,0,0,0,0,1.49528,0,0,0,0
1542353312.544121962,0,0,0,0,1.49528,0,0,0,0
1542353312.584136456,0,0,0,0,1.49528,0,0,0,0
1542353312.624169352,0,0,0,0,1.49528,0,0,0,0
1542353312.589802000,7.35608,8.93595,-0.443307,0,0,0,0.229068,-0.86575,-73.131
1542353312.664113270,0,0,0,0,1.49528,0,0,0,0
1542353312.704117155,0,0,0,0,1.50903,0,0,0,0
1542353312.744113549,0,0,0,0,1.50903,0,0,0,0
1542353312.784120286,0,0,0,0,1.50903,0,0,0,0
1542353312.864131137,0,0,0,0,1.50903,0,0,0,0
1542353312.944128534,0,0,0,0,1.51819,0,0,0,0
1542353312.964127613,0,0,0,0,1.51819,0,0,0,0
1542353313.004114978,0,0,0,0,1.51819,0,0,0,0
1542353313.044136177,0,0,0,0,1.51819,0,0,0,0
1542353313.084111273,0,0,0,0,1.50559,0,0,0,0
1542353313.144113067,0,0,0,0,1.50559,0,0,0,0
1542353313.224121542,0,0,0,0,1.50559,0,0,0,0
1542353313.264170756,0,0,0,0,1.50559,0,0,0,0
1542353313.295389000,8.408,9.21818,-0.520179,0,0,0,0.00770295,-1.31193,-73.467
1542353313.344123726,0,0,0,0,1.46379,0,0,0,0
1542353313.396194000,8.52955,9.24991,-0.52162,0,0,0,-0.0915833,-1.35831,-73.6177
1542353313.384193654,0,0,0,0,1.46379,0,0,0,0
1542353313.424168943,0,0,0,0,1.46379,0,0,0,0
1542353313.496983000,8.63551,9.27537,-0.538749,0,0,0,0.0657957,-1.43507,-73.7848
1542353313.564123755,0,0,0,0,1.49242,0,0,0,0
1542353313.597788000,8.78508,9.31966,-0.457991,0,0,0,-0.515591,-1.27272,-75.0398
1542353313.604208768,0,0,0,0,1.49242,0,0,0,0
1542353313.644127603,0,0,0,0,1.49242,0,0,0,0
1542353313.664124085,0,0,0,0,1.49242,0,0,0,0
1542353313.684108591,0,0,0,0,1.52105,0,0,0,0
1542353313.724110879,0,0,0,0,1.52105,0,0,0,0
1542353313.824110330,0,0,0,0,1.52105,0,0,0,0
1542353313.864114074,0,0,0,0,1.52105,0,0,0,0
1542353313.900178000,9.08928,9.41214,-0.530165,0,0,0,-0.0263118,-1.54935,-75.8145
1542353313.944110154,0,0,0,0,1.51418,0,0,0,0
1542353313.984116276,0,0,0,0,1.51418,0,0,0,0
1542353314.044129225,0,0,0,0,1.51418,0,0,0,0
1542353314.164173699,0,0,0,0,1.48898,0,0,0,0
1542353314.224117285,0,0,0,0,1.48898,0,0,0,0
1542353314.202571000,9.55063,9.50367,-0.50144,0,0,0,-0.616485,-1.09329,-77.877
1542353314.264139443,0,0,0,0,1.48898,0,0,0,0
1542353314.324316284,0,0,0,0,1.47868,0,0,0,0
1542353314.364125770,0,0,0,0,1.47868,0,0,0,0
1542353314.424221614,0,0,0,0,1.47868,0,0,0,0
1542353314.464126165,0,0,0,0,1.47868,0,0,0,0
1542353314.504131865,0,0,0,0,1.43744,0,0,0,0
1542353314.544134132,0,0,0,0,1.43744,0,0,0,0
1542353314.584122823,0,0,0,0,1.43744,0,0,0,0
1542353314.624136085,0,0,0,0,1.43744,0,0,0,0
1542353314.664131411,0,0,0,0,1.43744,0,0,0,0
1542353314.724127973,0,0,0,0,1.38418,0,0,0,0
1542353314.784134755,0,0,0,0,1.38418,0,0,0,0
1542353314.824132080,0,0,0,0,1.38418,0,0,0,0
1542353314.807399000,10.4877,9.61586,-0.50077,0,0,0,-0.53787,-0.735747,-81.8242
1542353314.844137739,0,0,0,0,1.38418,0,0,0,0
1542353314.924112507,0,0,0,0,1.35154,0,0,0,0
1542353314.964220195,0,0,0,0,1.35154,0,0,0,0
1542353315.004139062,0,0,0,0,1.35154,0,0,0,0
1542353315.064233161,0,0,0,0,1.35154,0,0,0,0
1542353315.104113272,0,0,0,0,1.32806,0,0,0,0
1542353315.164120417,0,0,0,0,1.32806,0,0,0,0
1542353315.184145697,0,0,0,0,1.32806,0,0,0,0
1542353315.210572000,11.0304,9.63615,-0.494785,0,0,0,-0.918307,-1.31458,-83.527
1542353315.264118256,0,0,0,0,1.32806,0,0,0,0
1542353315.311383000,11.1538,9.64846,-0.498107,0,0,0,-1.07369,-1.12135,-83.9078
1542353315.364211834,0,0,0,0,1.34409,0,0,0,0
1542353315.412201000,11.2792,9.6441,-0.523699,0,0,0,-0.911345,-1.19156,-84.2363
1542353315.484124692,0,0,0,0,1.32634,0,0,0,0
1542353315.504123915,0,0,0,0,1.32634,0,0,0,0
1542353315.524120471,0,0,0,0,1.32634,0,0,0,0
1542353315.604122316,0,0,0,0,1.32634,0,0,0,0
1542353315.644147809,0,0,0,0,1.32634,0,0,0,0
1542353315.704125974,0,0,0,0,1.34868,0,0,0,0
1542353315.744127599,0,0,0,0,1.34868,0,0,0,0
1542353315.784123820,0,0,0,0,1.34868,0,0,0,0
1542353315.815361000,11.765,9.72882,-0.567914,0,0,0,-0.22475,-1.39139,-85.0705
1542353315.904110988,0,0,0,0,1.36414,0,0,0,0
1542353315.916175000,11.8949,9.7387,-0.578245,0,0,0,-0.0853692,-1.55081,-85.1586
1542353316.004117266,0,0,0,0,1.36414,0,0,0,0
1542353316.084124053,0,0,0,0,1.36643,0,0,0,0
1542353316.104123696,0,0,0,0,1.36643,0,0,0,0
1542353316.124162484,0,0,0,0,1.36643,0,0,0,0
1542353316.204117609,0,0,0,0,1.36643,0,0,0,0
1542353316.244133045,0,0,0,0,1.36643,0,0,0,0
1542353316.284138456,0,0,0,0,1.31775,0,0,0,0
1542353316.304125084,0,0,0,0,1.31775,0,0,0,0
1542353316.344105731,0,0,0,0,1.31775,0,0,0,0
1542353316.404140447,0,0,0,0,1.31775,0,0,0,0
1542353316.464126931,0,0,0,0,1.31775,0,0,0,0
1542353316.520967000,12.5924,9.82591,-0.554254,0,0,0,-0.308537,-1.12294,-85.0859
1542353316.524112804,0,0,0,0,1.34467,0,0,0,0
1542353316.544118692,0,0,0,0,1.34467,0,0,0,0
1542353316.644126969,0,0,0,0,1.34467,0,0,0,0
1542353316.684116041,0,0,0,0,1.33722,0,0,0,0
1542353316.724189684,0,0,0,0,1.33722,0,0,0,0
1542353316.744196790,0,0,0,0,1.33722,0,0,0,0
1542353316.764115675,0,0,0,0,1.33722,0,0,0,0
1542353316.804136464,0,0,0,0,1.33722,0,0,0,0
1542353316.844123752,0,0,0,0,1.33722,0,0,0,0
1542353316.884119348,0,0,0,0,1.36987,0,0,0,0
1542353316.984119627,0,0,0,0,1.36987,0,0,0,0
1542353317.024106197,0,0,0,0,1.36987,0,0,0,0
1542353317.084111139,0,0,0,0,1.33722,0,0,0,0
1542353317.125771000,13.4377,9.88041,-0.580237,0,0,0,-1.32582,-1.26742,-85.6709
1542353317.144156563,0,0,0,0,1.33722,0,0,0,0
1542353317.184128478,0,0,0,0,1.33722,0,0,0,0
1542353317.284142912,0,0,0,0,1.32691,0,0,0,0
1542353317.324125551,0,0,0,0,1.32691,0,0,0,0
1542353317.384114185,0,0,0,0,1.32691,0,0,0,0
1542353317.428160000,13.8474,9.90098,-0.624523,0,0,0,-0.619849,-1.63194,-86.0143
1542353317.444122747,0,0,0,0,1.32691,0,0,0,0
1542353317.484110947,0,0,0,0,1.36471,0,0,0,0
1542353317.544129573,0,0,0,0,1.36471,0,0,0,0
1542353317.528967000,14.0071,9.89561,-0.624372,0,0,0,-0.668864,-1.51411,-86.5466
1542353317.564119337,0,0,0,0,1.36471,0,0,0,0
1542353317.629759000,14.1026,9.90442,-0.625301,0,0,0,-0.653545,-1.61252,-86.5757
1542353317.704121457,0,0,0,0,1.36987,0,0,0,0
1542353317.730571000,14.2304,9.90549,-0.651124,0,0,0,-0.526299,-1.7878,-86.6404
1542353317.844116131,0,0,0,0,1.36987,0,0,0,0
1542353317.864122190,0,0,0,0,1.36987,0,0,0,0
1542353317.904109399,0,0,0,0,1.35669,0,0,0,0
1542353317.924124496,0,0,0,0,1.35669,0,0,0,0
1542353318.004118625,0,0,0,0,1.35669,0,0,0,0
1542353318.044112042,0,0,0,0,1.35669,0,0,0,0
1542353318.104124643,0,0,0,0,1.39335,0,0,0,0
1542353318.144139362,0,0,0,0,1.39335,0,0,0,0
1542353318.184127079,0,0,0,0,1.39335,0,0,0,0
1542353318.224129222,0,0,0,0,1.39335,0,0,0,0
1542353318.264116355,0,0,0,0,1.39335,0,0,0,0
1542353318.304118666,0,0,0,0,1.39105,0,0,0,0
1542353318.344167801,0,0,0,0,1.39105,0,0,0,0
1542353318.424166850,0,0,0,0,1.39105,0,0,0,0
1542353318.504110693,0,0,0,0,1.40308,0,0,0,0
1542353318.536952000,15.2665,9.9893,-0.647977,0,0,0,-0.856292,-1.96069,-87.7531
1542353318.564110755,0,0,0,0,1.40308,0,0,0,0
1542353318.624099610,0,0,0,0,1.40308,0,0,0,0
1542353318.704118772,0,0,0,0,1.38762,0,0,0,0
1542353318.738547000,15.4815,9.98349,-0.64941,0,0,0,-1.02767,-2.29246,-87.6155
1542353318.744128471,0,0,0,0,1.38762,0,0,0,0
1542353318.784115402,0,0,0,0,1.38762,0,0,0,0
1542353318.824154798,0,0,0,0,1.38762,0,0,0,0
1542353318.864110609,0,0,0,0,1.38762,0,0,0,0
1542353318.904125975,0,0,0,0,1.38132,0,0,0,0
1542353318.940158000,15.8253,9.96785,-0.61449,0,0,0,-1.15955,-1.87449,-87.6729
1542353318.924131607,0,0,0,0,1.38132,0,0,0,0
1542353319.024116752,0,0,0,0,1.38132,0,0,0,0
1542353319.044117469,0,0,0,0,1.38132,0,0,0,0
1542353319.084130107,0,0,0,0,1.39907,0,0,0,0
1542353319.141751000,16.0423,9.96751,-0.625148,0,0,0,-1.14146,-2.0006,-87.776
1542353319.164117435,0,0,0,0,1.39907,0,0,0,0
1542353319.264121251,0,0,0,0,1.39907,0,0,0,0
1542353319.242536000,16.2511,9.96811,-0.668303,0,0,0,-0.743185,-1.58996,-88.7174
1542353319.344140933,0,0,0,0,1.42198,0,0,0,0
1542353319.343340000,16.3047,9.96959,-0.688804,0,0,0,-0.787669,-1.54157,-88.7006
1542353319.364127635,0,0,0,0,1.42198,0,0,0,0
1542353319.424114914,0,0,0,0,1.42198,0,0,0,0
1542353319.464126780,0,0,0,0,1.42198,0,0,0,0
1542353319.504111246,0,0,0,0,1.40136,0,0,0,0
1542353319.544942000,16.5175,9.9541,-0.717568,0,0,0,-0.395196,-1.59392,-88.7223
1542353319.584105907,0,0,0,0,1.40136,0,0,0,0
1542353319.664118739,0,0,0,0,1.40136,0,0,0,0
1542353319.724106944,0,0,0,0,1.43057,0,0,0,0
1542353319.764164102,0,0,0,0,1.43057,0,0,0,0
1542353319.804132538,0,0,0,0,1.43057,0,0,0,0
1542353319.844116390,0,0,0,0,1.43057,0,0,0,0
1542353319.847319000,16.9794,9.99891,-0.700548,0,0,0,-0.432153,-1.57287,-89.0151
1542353319.944106066,0,0,0,0,1.42484,0,0,0,0
1542353319.984119764,0,0,0,0,1.42484,0,0,0,0
1542353320.024112063,0,0,0,0,1.42484,0,0,0,0
1542353320.064111434,0,0,0,0,1.42484,0,0,0,0
1542353320.149734000,17.368,9.96759,-0.726301,0,0,0,0.323971,-1.71077,-89.2339
1542353320.184110843,0,0,0,0,1.40881,0,0,0,0
1542353320.244139380,0,0,0,0,1.40881,0,0,0,0
1542353320.324122276,0,0,0,0,1.3859,0,0,0,0
1542353320.351323000,17.6199,9.96852,-0.753091,0,0,0,0.592443,-1.9505,-88.9904
1542353320.404118127,0,0,0,0,1.3859,0,0,0,0
1542353320.424108240,0,0,0,0,1.3859,0,0,0,0
1542353320.444112484,0,0,0,0,1.3859,0,0,0,0
1542353320.484140945,0,0,0,0,1.40594,0,0,0,0
1542353320.524121981,0,0,0,0,1.40594,0,0,0,0
1542353320.624110849,0,0,0,0,1.40594,0,0,0,0
1542353320.664554008,0,0,0,0,1.40594,0,0,0,0
1542353320.724125976,0,0,0,0,1.45405,0,0,0,0
1542353320.754521000,18.28,9.96316,-0.746808,0,0,0,-0.617485,-1.47727,-89.4793
1542353320.784122848,0,0,0,0,1.45405,0,0,0,0
1542353320.855332000,18.4293,10.0131,-0.735959,0,0,0,-0.891342,-1.38549,-90.4575
1542353320.884125199,0,0,0,0,1.46837,0,0,0,0
1542353320.964165719,0,0,0,0,1.46837,0,0,0,0
1542353320.956132000,18.5555,9.99807,-0.762243,0,0,0,-0.712134,-1.40915,-90.4949
1542353321.044186316,0,0,0,0,1.46837,0,0,0,0
1542353321.064162416,0,0,0,0,1.46837,0,0,0,0
1542353321.056939000,18.6973,10.0038,-0.788313,0,0,0,-0.481401,-1.41688,-90.6929
1542353321.084122447,0,0,0,0,1.51819,0,0,0,0
1542353321.157706000,18.8126,10.001,-0.798264,0,0,0,-0.591468,-1.60596,-90.7347
1542353321.184127514,0,0,0,0,1.51819,0,0,0,0
1542353321.264133802,0,0,0,0,1.51819,0,0,0,0
1542353321.284175142,0,0,0,0,1.49528,0,0,0,0
1542353321.364182827,0,0,0,0,1.49528,0,0,0,0
1542353321.384107071,0,0,0,0,1.49528,0,0,0,0
1542353321.424130566,0,0,0,0,1.49528,0,0,0,0
1542353321.460115000,19.1843,10.0227,-0.747539,0,0,0,-1.13805,-1.82155,-91.1222
1542353321.524121620,0,0,0,0,1.47982,0,0,0,0
1542353321.604159580,0,0,0,0,1.47982,0,0,0,0
1542353321.644125442,0,0,0,0,1.47982,0,0,0,0
