UTC Timestamp,Latitude,Longitude,Heading
1542353276.765430769,39.7917356029973,116.498619186075,-149.936080932617
1542353276.808187899,39.7917356319961,116.498619184354,-149.936553955078
1542353276.856295598,39.791735674007,116.49861918951,-149.93669128418
1542353276.904343315,39.7917357264386,116.498619205002,-149.935333251953
1542353276.947164497,39.7917357841749,116.498619231801,-149.93327331543
1542353276.995189830,39.7917358617551,116.498619275846,-149.935150146484
1542353277.038077485,39.7917359385193,116.498619321609,-149.935775756836
1542353277.086077772,39.7917360289657,116.498619368199,-149.936508178711
1542353277.128852560,39.7917361148981,116.498619410471,-149.937591552734
1542353277.176893549,39.7917362157712,116.498619452709,-149.940383911133
1542353277.225000865,39.7917363223438,116.498619491269,-149.940902709961
1542353277.267861337,39.7917364147318,116.498619501614,-149.943450927734
1542353277.315851044,39.7917365063,116.498619446263,-149.945419311523
1542353277.358605625,39.7917365024694,116.498619098152,-149.940322875977
1542353277.406672728,39.7917364988225,116.498618751059,-149.933792114258
1542353277.454875966,39.791736431697,116.498618297261,-149.927795410156
1542353277.497562404,39.7917364519623,116.49861813807,-149.925521850586
1542353277.545632623,39.7917365361277,116.498618151729,-149.932479858398
1542353277.588419144,39.7917358093632,116.498619555256,-149.745498657227
1542353277.636500010,39.7917355752664,116.498619435916,-149.745346069336
1542353277.684548881,39.7917355895394,116.498619550192,-149.745254516602
1542353277.727326716,39.791735607908,116.498619651171,-149.746963500977
1542353277.775389798,39.7917356267612,116.498619750358,-149.751159667969
1542353277.818171792,39.7917356999866,116.498619934213,-149.751480102539
1542353277.866267968,39.7917357931274,116.498620143149,-149.754089355469
1542353277.914370498,39.7917359166557,116.498620395292,-149.754699707031
1542353277.957131724,39.79173602311,116.498620604226,-149.754028320312
1542353278.005215551,39.7917361290129,116.498620799727,-149.754516601562
1542353278.047953385,39.7917362195518,116.498620955111,-149.754776000977
1542353278.096027521,39.7917358430773,116.498619370217,-149.855972290039
1542353278.144173342,39.7917358439815,116.498619252206,-149.855194091797
1542353278.186924899,39.7917357346434,116.498619071697,-149.85725402832
1542353278.235003507,39.7917357994169,116.498619102766,-149.856628417969
1542353278.277841370,39.7917354633022,116.498619136108,-149.904541015625
1542353278.325836194,39.7917355099767,116.498619051763,-149.905914306641
1542353278.368630349,39.7917355478305,116.498618991756,-149.909652709961
1542353278.416654636,39.7917356040952,116.498618951325,-149.90966796875
1542353278.464797306,39.7917356701034,116.498618919918,-149.910385131836
1542353278.507560894,39.7917357379308,116.49861890189,-149.911422729492
1542353278.555606578,39.7917358177579,116.498618877226,-149.91259765625
1542353278.598357470,39.7917358968923,116.49861886168,-149.912506103516
1542353278.646458999,39.7917359924284,116.498618846615,-149.91374206543
1542353278.694589304,39.79173588226,116.498619692579,-149.97526550293
1542353278.737341822,39.7917359543687,116.498619610874,-149.976287841797
1542353278.785399811,39.7917360420658,116.498619562639,-149.977951049805
1542353278.828178384,39.7917361243491,116.49861951495,-149.97770690918
1542353278.876218173,39.7917362244264,116.498619465702,-149.975540161133
1542353278.924354488,39.791736332425,116.498619419903,-149.975357055664
1542353278.967106544,39.7917364372252,116.498619387273,-149.97331237793
1542353279.015197018,39.7917365598802,116.498619347717,-149.975006103516
1542353279.057983616,39.791736676209,116.498619316962,-149.976776123047
1542353279.106058038,39.7917368098469,116.498619268024,-149.974700927734
1542353279.154153119,39.7917369425776,116.498619206827,-149.971374511719
1542353279.196915958,39.791737048209,116.498619126272,-149.967483520508
1542353279.244966731,39.7917371515123,116.498619015306,-149.971725463867
1542353279.287807692,39.7917354193965,116.498618892369,-149.89387512207
1542353279.335838511,39.7917354794073,116.49861884101,-149.894744873047
1542353279.383928450,39.791735560607,116.498618811663,-149.894180297852
1542353279.426721033,39.7917356389688,116.498618788894,-149.89518737793
1542353279.474764424,39.7917357263215,116.498618749402,-149.892807006836
1542353279.517538750,39.7917357989404,116.498618700023,-149.895523071289
1542353279.565602507,39.7917358909037,116.498618646298,-149.896957397461
1542353279.608403188,39.7917359802115,116.498618607665,-149.895431518555
1542353279.656440971,39.7917360680894,116.498618526876,-149.893981933594
1542353279.704531612,39.7917361565145,116.498618446392,-149.889221191406
1542353279.747340970,39.7917361742505,116.498618349847,-149.869659423828
1542353279.795405025,39.791735923987,116.49861845766,-149.836563110352
1542353279.838207964,39.7917351618509,116.498618802115,-149.847412109375
1542353279.886224290,39.7917346517475,116.498618694273,-149.849166870117
1542353279.934351965,39.791733891294,116.498618121447,-149.841918945312
1542353279.977111520,39.7917337304126,116.498618112586,-149.819808959961
1542353280.025222119,39.7917337562057,116.498618348801,-149.817733764648
1542353280.067965383,39.7917334195937,116.498618365787,-149.82600402832
1542353280.116031759,39.7917359482275,116.498620001535,-150.088531494141
1542353280.164141705,39.7917357957922,116.498619496886,-150.085708618164
1542353280.207032031,39.7917358330537,116.498619595711,-150.069580078125
1542353280.254951643,39.7917358242565,116.498619580362,-150.069549560547
1542353280.297773507,39.7917358273902,116.498619577812,-150.071823120117
1542353280.345810884,39.7917358387958,116.498619576892,-150.072143554688
1542353280.393972844,39.7917358543694,116.498619565451,-150.068161010742
1542353280.436669224,39.7917358688803,116.498619546346,-150.066711425781
1542353280.484763772,39.791735891597,116.498619519686,-150.068099975586
1542353280.527572105,39.7917359208698,116.498619504211,-150.069381713867
1542353280.575612020,39.7917359514393,116.498619448359,-150.067687988281
1542353280.623762147,39.791735986124,116.498619403968,-150.062118530273
1542353280.666464591,39.791735791279,116.498619269607,-149.821502685547
1542353280.714553428,39.7917358254522,116.498619238408,-149.823654174805
1542353280.757310687,39.7917358690073,116.498619213019,-149.823318481445
1542353280.805399163,39.7917356624967,116.49861883553,-149.888900756836
1542353280.848160425,39.7917357035021,116.498618781065,-149.887145996094
1542353280.896220834,39.7917357534075,116.498618715205,-149.888153076172
1542353280.944332945,39.791735808619,116.49861864516,-149.88655090332
1542353280.987120555,39.7917358579564,116.498618573832,-149.884094238281
1542353281.035152419,39.791735904662,116.498618472445,-149.885879516602
1542353281.077937201,39.7917359403859,116.498618353341,-149.890502929688
1542353281.126006610,39.7917359893358,116.498618206567,-149.893981933594
1542353281.174109455,39.7917360353411,116.498618027894,-149.888320922852
1542353281.216927589,39.7917357235288,116.498619070554,-149.800979614258
1542353281.264965259,39.7917358152474,116.498619028032,-149.797760009766
1542353281.307818912,39.7917358653419,116.498619159732,-149.745849609375
1542353281.355803102,39.7917359105503,116.498619073001,-149.745544433594
1542353281.403908868,39.7917359776754,116.498618998938,-149.745529174805
1542353281.446744267,39.7917360427737,116.498618933963,-149.745468139648
1542353281.494734682,39.7917355082908,116.498619077082,-149.959197998047
1542353281.537533707,39.791735569548,116.498619028491,-149.956314086914
1542353281.585608053,39.7917356301741,116.498618922774,-149.959899902344
1542353281.633717437,39.791735686487,116.498618793608,-149.951690673828
1542353281.676481606,39.791735740852,116.498618692694,-149.950637817383
1542353281.724515464,39.7917358076893,116.49861857495,-149.951644897461
1542353281.767310812,39.7917358737271,116.498618467075,-149.955413818359
1542353281.815386447,39.7917359524581,116.49861832278,-149.957336425781
1542353281.863481235,39.7917360298074,116.498618156622,-149.952621459961
1542353281.906317914,39.791735611658,116.498619217654,-149.941421508789
1542353281.954351042,39.7917357236079,116.498619171097,-149.940216064453
1542353281.997074174,39.7917355198547,116.498619454267,-149.959045410156
1542353282.045161190,39.7917355968449,116.49861937712,-149.960708618164
1542353282.087950511,39.7917356729315,116.498619316157,-149.960037231445
1542353282.136001078,39.7917357676981,116.498619257776,-149.960845947266
1542353282.184155202,39.7917358619476,116.49861918832,-149.956649780273
1542353282.226894177,39.7917359497475,116.49861913005,-149.95556640625
1542353282.274947122,39.7917360573603,116.498619072808,-149.953170776367
1542353282.317718111,39.7917362025191,116.498619085631,-149.951690673828
1542353282.365794230,39.7917364265204,116.498619162952,-149.967102050781
1542353282.413983266,39.791735531503,116.498619518927,-149.992050170898
1542353282.456769471,39.7917357114579,116.498619534174,-149.981201171875
1542353282.504741180,39.7917358820279,116.498619604123,-149.96745300293
1542353282.547532672,39.7917359977158,116.498619539951,-149.958068847656
1542353282.595582807,39.791736135296,116.498619509037,-149.963439941406
1542353282.643721271,39.7917362874896,116.49861948673,-149.969467163086
1542353282.686452473,39.7917356855311,116.498619148804,-149.884429931641
1542353282.734539082,39.7917357143045,116.498619015147,-149.876480102539
1542353282.777337280,39.7917357975106,116.498618942815,-149.877426147461
1542353282.825422444,39.7917359133696,116.498618886134,-149.884521484375
1542353282.873458421,39.7917360292853,116.498618817046,-149.884979248047
1542353282.916249335,39.7917357390391,116.498619364979,-149.74201965332
1542353282.964315428,39.7917357499726,116.498619277475,-149.740371704102
1542353283.007118242,39.7917358117622,116.49861921912,-149.740676879883
1542353283.055157759,39.7917359013763,116.498619176067,-149.743545532227
1542353283.103240923,39.7917357777549,116.498619287195,-149.865783691406
1542353283.146030206,39.7917358686158,116.498619183526,-149.862533569336
1542353283.194067347,39.7917359524543,116.498619070826,-149.866897583008
1542353283.236881824,39.7917358452208,116.49861907317,-149.893905639648
1542353283.284949897,39.7917359427938,116.498618984991,-149.894897460938
1542353283.327725468,39.7917359024248,116.498619093804,-149.932876586914
1542353283.375821291,39.7917360065193,116.498619008595,-149.93717956543
1542353283.423931789,39.7917361441565,116.498619149153,-149.94807434082
1542353283.466713824,39.7917362456391,116.498619065349,-149.947845458984
1542353283.514717533,39.7917358582438,116.498619193619,-149.851684570312
1542353283.557526152,39.7917359229774,116.498619121235,-149.848480224609
1542353283.605609544,39.7917360013798,116.49861903154,-149.843673706055
1542353283.653699905,39.7917360851016,116.49861893968,-149.83869934082
1542353283.696483262,39.7917361571016,116.498618843502,-149.84521484375
1542353283.744551171,39.7917362464213,116.498618716609,-149.855850219727
1542353283.787283887,39.7917363284601,116.498618549783,-149.864181518555
1542353283.835350883,39.7917357806421,116.498619282152,-149.815002441406
1542353283.883438096,39.7917357983596,116.498619166946,-149.888763427734
1542353283.926306666,39.7917358901954,116.498619141679,-149.897720336914
1542353283.974313313,39.791735985398,116.498619072925,-149.904388427734
1542353284.017091455,39.7917356373673,116.498619242687,-149.898406982422
1542353284.065138293,39.7917357220509,116.498619166274,-149.892608642578
1542353284.113262754,39.7917354747079,116.498618987968,-149.856323242188
1542353284.155995928,39.791735555947,116.498618932033,-149.855941772461
1542353284.204103276,39.7917356585203,116.49861888027,-149.854766845703
1542353284.246907104,39.7917355068556,116.498618918721,-149.845962524414
1542353284.294933665,39.7917355797383,116.498618829325,-149.845230102539
1542353284.343029845,39.7917356663837,116.498618735219,-149.850830078125
1542353284.385808972,39.7917357543622,116.498618655046,-149.853149414062
1542353284.433846421,39.7917358639149,116.498618574153,-149.850494384766
1542353284.476658297,39.7917359632829,116.498618493197,-149.849182128906
1542353284.524706631,39.7917360825897,116.498618402754,-149.849822998047
1542353284.567507614,39.7917362013585,116.498618333188,-149.84928894043
1542353284.615668833,39.7917359104627,116.498619242612,-150.069610595703
1542353284.663670914,39.7917360218205,116.498619187188,-150.06623840332
1542353284.706428310,39.7917356932948,116.498619281102,-149.80290222168
1542353284.754479062,39.7917356885867,116.498619232851,-149.801239013672
1542353284.797289046,39.7917357413693,116.498619195983,-149.801544189453
1542353284.845301128,39.7917358050913,116.498619271695,-149.778915405273
1542353284.893482688,39.7917358742462,116.49861924937,-149.777374267578
1542353284.936240634,39.7917359654023,116.498619314052,-149.78547668457
1542353284.984337948,39.7917360146534,116.498619246544,-149.785278320312
1542353285.027135458,39.7917360664688,116.49861919043,-149.784820556641
1542353285.075179404,39.7917361345298,116.498619135873,-149.780395507812
1542353285.123230427,39.7917362071129,116.498619081613,-149.778198242188
1542353285.166025559,39.791736275186,116.498619033276,-149.779083251953
1542353285.214082456,39.7917356010022,116.498619270375,-149.870849609375
1542353285.256875876,39.7917356633136,116.498619255124,-149.870162963867
1542353285.304923188,39.7917357401722,116.498619231577,-149.870788574219
1542353285.352997209,39.7917355019119,116.498619146721,-149.874099731445
1542353285.395827654,39.7917355471787,116.498619073783,-149.874206542969
1542353285.443851483,39.7917356479602,116.498619221008,-149.845932006836
1542353285.486669639,39.791735694458,116.498619159572,-149.844009399414
1542353285.534691442,39.7917356233831,116.498619285149,-149.946578979492
1542353285.582905827,39.7917356948709,116.49861922707,-149.944625854492
1542353285.625660360,39.7917357647133,116.498619189921,-149.945587158203
1542353285.673698195,39.7917358477339,116.498619145259,-149.944900512695
1542353285.716484485,39.791735924711,116.498619101159,-149.944732666016
1542353285.764509228,39.7917360139709,116.498619044335,-149.946548461914
1542353285.807309931,39.7917361024571,116.498619002232,-149.946182250977
1542353285.855308261,39.7917359828991,116.498619588591,-150.114303588867
1542353285.903531990,39.7917360880561,116.498619514998,-150.113235473633
1542353285.946211897,39.7917361840233,116.498619491462,-150.111633300781
1542353285.994271756,39.7917363010471,116.498619470756,-150.113204956055
1542353286.037071664,39.7917354776875,116.498619451454,-149.920471191406
1542353286.085164454,39.7917354353242,116.49861945139,-149.918899536133
1542353286.133246102,39.7917354697352,116.498619452689,-149.917266845703
1542353286.176072371,39.7917355141009,116.498619470876,-149.916732788086
1542353286.224121010,39.7917355717032,116.498619498707,-149.916000366211
1542353286.266886324,39.7917356340365,116.498619535886,-149.915969848633
1542353286.314888871,39.7917357257791,116.498619606582,-149.913314819336
1542353286.363020652,39.7917356826325,116.498619207674,-149.944442749023
1542353286.405789576,39.7917357345472,116.498619055016,-149.945434570312
1542353286.453853431,39.7917358101718,116.498618980018,-149.947219848633
1542353286.496643578,39.7917358744122,116.498618892053,-149.943161010742
1542353286.544750885,39.7917359554169,116.498618808387,-149.940811157227
1542353286.592808735,39.7917360343774,116.498618710764,-149.941970825195
1542353286.635644297,39.7917361173963,116.498618636878,-149.941070556641
1542353286.683656875,39.7917362155316,116.498618553218,-149.942947387695
1542353286.726399130,39.7917353898435,116.498619047404,-149.828506469727
1542353286.774524793,39.7917354375869,116.498618982613,-149.827789306641
1542353286.822601101,39.7917354960939,116.498618911966,-149.828720092773
1542353286.865392397,39.791735559641,116.498618858527,-149.829055786133
1542353286.913433172,39.7917356336379,116.498618792764,-149.825271606445
1542353286.956250562,39.7917354477357,116.498619028887,-149.80632019043
1542353287.004261362,39.7917355132238,116.498618942858,-149.805313110352
1542353287.047060420,39.7917355844251,116.498618882958,-149.807876586914
1542353287.095145441,39.791735672414,116.49861881897,-149.809600830078
1542353287.143231565,39.7917357025239,116.49861918453,-149.90087890625
1542353287.186053890,39.7917357823211,116.498619102883,-149.89958190918
1542353287.234038279,39.7917356429961,116.498619220249,-149.879547119141
1542353287.276845545,39.7917357143951,116.498619145866,-149.877243041992
1542353287.324910326,39.7917358063565,116.49861907292,-149.880462646484
1542353287.373026608,39.7917359077388,116.498619004627,-149.882217407227
1542353287.415771863,39.7917360036742,116.498618942349,-149.881683349609
1542353287.463872111,39.7917356702593,116.498619459672,-149.931640625
1542353287.506629555,39.791735750653,116.498619379624,-149.932678222656
1542353287.554678817,39.7917358516943,116.498619321503,-149.932479858398
1542353287.602793264,39.7917359591832,116.498619259669,-149.933380126953
1542353287.645618155,39.7917356362012,116.498619111598,-149.901397705078
1542353287.693621258,39.7917357057601,116.498619051972,-149.903549194336
1542353287.736451207,39.7917358032809,116.498619033125,-149.900009155273
1542353287.784484380,39.7917359150897,116.498619004928,-149.903594970703
1542353287.832591068,39.7917360244005,116.498618957001,-149.901901245117
1542353287.875429026,39.7917361227933,116.498618912181,-149.900939941406
1542353287.923460076,39.7917362484789,116.498618881117,-149.897903442383
1542353287.966209518,39.7917363722466,116.498618863639,-149.897338867188
1542353288.014280528,39.7917365213068,116.498618849972,-149.897689819336
1542353288.062386840,39.7917357167335,116.498619270927,-150.005981445312
1542353288.105180891,39.791735860384,116.498619113994,-150.006210327148
1542353288.153270855,39.7917360051261,116.498619055496,-150.005325317383
1542353288.195969273,39.7917361366058,116.498618992071,-150.004821777344
1542353288.244042659,39.7917362920344,116.498618923254,-150.002975463867
1542353288.286860081,39.7917364362835,116.498618862229,-150.000854492188
1542353288.334927640,39.7917366155135,116.498618820112,-149.995971679688
1542353288.383006279,39.7917368022595,116.498618777197,-149.995635986328
1542353288.425789616,39.7917369833337,116.49861876747,-150.000854492188
1542353288.473815577,39.7917356396497,116.498618984741,-150.075958251953
1542353288.516607961,39.7917357497524,116.498618861385,-150.075210571289
1542353288.564741018,39.7917356655906,116.498618997321,-150.160507202148
1542353288.612833041,39.7917358032438,116.498618933016,-150.159515380859
1542353288.655570931,39.7917358096249,116.498619208189,-150.209686279297
1542353288.703653007,39.7917359551818,116.498619161504,-150.207733154297
1542353288.746428101,39.791735775768,116.498619262726,-150.2568359375
1542353288.794544242,39.7917359140524,116.498619241825,-150.255813598633
1542353288.842578335,39.7917360608915,116.498619221136,-150.255096435547
1542353288.885428248,39.7917361975704,116.498619196076,-150.25537109375
1542353288.933462114,39.7917363584195,116.498619174305,-150.255599975586
1542353288.976222024,39.7917354364498,116.498619427323,-149.782119750977
1542353289.024273565,39.7917353650204,116.498619414881,-149.782653808594
1542353289.072366149,39.7917354068377,116.498619412532,-149.781967163086
1542353289.115133992,39.7917354583022,116.49861942609,-149.783340454102
1542353289.163177717,39.7917356431453,116.498619356505,-149.910995483398
1542353289.205998720,39.7917356634349,116.4986192792,-149.910095214844
1542353289.254047708,39.7917357089711,116.498619223517,-149.909576416016
1542353289.302146869,39.7917357639394,116.498619174132,-149.907836914062
1542353289.344951982,39.7917358202426,116.498619134593,-149.90739440918
1542353289.393008972,39.7917358928513,116.498619096513,-149.908050537109
1542353289.435802286,39.7917359714392,116.498619083187,-149.906402587891
1542353289.483840953,39.7917357955794,116.498619617566,-149.91926574707
1542353289.526601817,39.7917358404293,116.498619539007,-149.920211791992
1542353289.574665993,39.7917359102024,116.498619486483,-149.919509887695
1542353289.622935971,39.7917359869063,116.498619435399,-149.917510986328
1542353289.665566949,39.7917360592005,116.498619389589,-149.917678833008
1542353289.713608757,39.7917361467905,116.49861933824,-149.919845581055
1542353289.756401251,39.791736158523,116.498619638476,-149.957336425781
1542353289.804501999,39.7917362477827,116.4986195606,-149.957946777344
1542353289.852583924,39.7917363427558,116.498619486449,-149.9609375
1542353289.895346296,39.7917364311228,116.498619412494,-149.957427978516
1542353289.943377022,39.7917357933883,116.498619394541,-149.967788696289
1542353289.986206822,39.7917358644357,116.498619343614,-149.967788696289
1542353290.034316793,39.7917359502346,116.498619287159,-149.970352172852
1542353290.082432397,39.7917360420108,116.498619227573,-149.967559814453
1542353290.125190152,39.7917361272013,116.498619173124,-149.967071533203
1542353290.173313314,39.7917362251319,116.498619102673,-149.970153808594
1542353290.215983427,39.7917363215993,116.498619049535,-149.968551635742
1542353290.264013343,39.7917364218408,116.498618955519,-149.968505859375
1542353290.312145742,39.7917365328622,116.498618864981,-149.965835571289
1542353290.355068945,39.7917354060618,116.498618988745,-149.932754516602
1542353290.402989427,39.7917354745901,116.498618933677,-149.932708740234
1542353290.445734654,39.791735540917,116.498618882196,-149.93489074707
1542353290.493814969,39.7917356242413,116.498618829361,-149.933624267578
1542353290.541902949,39.7917357119542,116.498618773022,-149.93408203125
1542353290.584734533,39.7917353291108,116.498618495187,-149.950988769531
1542353290.632765208,39.7917354050658,116.498618424399,-149.950912475586
1542353290.675545822,39.7917352773711,116.498618446668,-149.923965454102
1542353290.723645003,39.79173534196,116.498618377317,-149.924880981445
1542353290.766398375,39.7917356485023,116.498619011909,-149.897918701172
1542353290.814488274,39.79173570837,116.498618947186,-149.897689819336
1542353290.862534249,39.7917357934402,116.498618901105,-149.893981933594
1542353290.905352725,39.7917358850075,116.498618877123,-149.895202636719
1542353290.953372599,39.7917359787341,116.498618827464,-149.891677856445
1542353290.996195473,39.7917360727474,116.498618793118,-149.891723632812
1542353291.044222961,39.791736197111,116.498618778834,-149.890914916992
1542353291.092368569,39.791735640939,116.498619070984,-149.763977050781
1542353291.135135725,39.7917356743946,116.498619045407,-149.762817382812
1542353291.183218585,39.7917357535292,116.498619044749,-149.763702392578
1542353291.225985110,39.7917358292082,116.498619050488,-149.766082763672
1542353291.274028753,39.7917355193761,116.498619146633,-149.884170532227
1542353291.322130563,39.7917355862049,116.498619100508,-149.8974609375
1542353291.364929713,39.7917356616127,116.49861918129,-149.898483276367
1542353291.413016351,39.7917357557199,116.498619291083,-149.897125244141
1542353291.455741073,39.7917358404841,116.498619382973,-149.894195556641
1542353291.503822694,39.7917359360201,116.498619496135,-149.894638061523
1542353291.551892503,39.7917360287524,116.498619569778,-149.901931762695
1542353291.594697471,39.7917361074111,116.498619687044,-149.906692504883
1542353291.642747704,39.7917361883608,116.498619858375,-149.909759521484
1542353291.685576619,39.7917353124952,116.498619299926,-149.780532836914
1542353291.733729158,39.7917348711926,116.498619246106,-149.785064697266
1542353291.781748279,39.7917346462126,116.498619233339,-149.781539916992
1542353291.824523450,39.7917344004907,116.498619192916,-149.805725097656
1542353291.872540628,39.791734170774,116.498619227311,-149.799652099609
1542353291.915357820,39.7917339347689,116.498619181097,-149.79280090332
1542353291.963479279,39.7917348960444,116.498618305087,-149.876266479492
1542353292.006175116,39.7917347368858,116.498618261509,-149.882568359375
1542353292.054217151,39.7917345453745,116.49861816268,-149.881271362305
1542353292.102301426,39.7917348125689,116.498618163862,-149.880584716797
1542353292.145136428,39.7917346683919,116.49861808232,-149.893310546875
1542353292.193151741,39.7917345048244,116.498617954561,-149.901092529297
1542353292.235993037,39.7917343761876,116.498617861256,-149.906051635742
1542353292.284026361,39.7917342441765,116.498617763048,-149.909973144531
1542353292.332109694,39.7917341218941,116.498617658071,-149.915542602539
1542353292.374954544,39.791734632279,116.498616774617,-149.832427978516
1542353292.423004039,39.7917345678276,116.498616653897,-149.837265014648
1542353292.465794517,39.7917344830316,116.498616477352,-149.843490600586
1542353292.513787365,39.7917343766231,116.498616225822,-149.843307495117
1542353292.561985254,39.791734278425,116.498616014336,-149.839874267578
1542353292.604710056,39.7917347252331,116.498616093293,-149.900054931641
1542353292.652759317,39.7917346508642,116.498616009586,-149.898315429688
1542353292.695603960,39.7917343638778,116.498615653518,-149.922393798828
1542353292.743600384,39.79173426572,116.498615477669,-149.925064086914
1542353292.791685720,39.7917341630578,116.498615308261,-149.930267333984
1542353292.834460800,39.7917340036081,116.498614947908,-149.935760498047
1542353292.882585470,39.7917338533272,116.49861464496,-149.940414428711
1542353292.925328682,39.7917337227596,116.498614367402,-149.943069458008
1542353292.973484120,39.7917335885295,116.4986139758,-149.939163208008
1542353293.021495142,39.7917334721699,116.498613539727,-149.944244384766
1542353293.064282130,39.7917334583067,116.498613042747,-149.964477539062
1542353293.112343245,39.7917337347866,116.498614329115,-149.743301391602
1542353293.155192943,39.7917340522662,116.498614170461,-149.753311157227
1542353293.203134973,39.7917341220913,116.49861376721,-149.769668579102
1542353293.245929998,39.7917342263413,116.498613419893,-149.748504638672
1542353293.294006225,39.7917338528074,116.49861333165,-149.681732177734
1542353293.342131376,39.7917339905789,116.498612934752,-149.667953491211
1542353293.384879162,39.7917341756571,116.498612614841,-149.6552734375
1542353293.432966492,39.7917345541948,116.498612414845,-149.662460327148
1542353293.475714222,39.7917349257422,116.498612285652,-149.691284179688
1542353293.523843635,39.7917353473444,116.498612121966,-149.693557739258
1542353293.571991272,39.7917359052832,116.498612068244,-149.62614440918
1542353293.614730957,39.7917365613043,116.49861179731,-149.564392089844
1542353293.662711141,39.7917373082116,116.49861142659,-149.542037963867
1542353293.705540691,39.7917336772938,116.498612611423,-149.793441772461
1542353293.753594120,39.7917341374356,116.498612010233,-149.784606933594
1542353293.801748047,39.7917335646742,116.49861277562,-149.839172363281
1542353293.844469824,39.7917339544613,116.498612499758,-149.83039855957
1542353293.892591334,39.7917343948732,116.498612186447,-149.822418212891
1542353293.935333635,39.7917348097149,116.498611969407,-149.828506469727
1542353293.983418588,39.7917339854509,116.498613269605,-149.764587402344
1542353294.031533716,39.7917341332859,116.49861292758,-149.760208129883
1542353294.074278582,39.7917343307628,116.498612632365,-149.781661987305
1542353294.122306986,39.7917338585575,116.498613183009,-149.689178466797
1542353294.165075061,39.7917340664789,116.498612959654,-149.680770874023
1542353294.213168114,39.7917340434421,116.498613387849,-149.661071777344
1542353294.261257866,39.791734231279,116.498613145396,-149.666778564453
1542353294.304046951,39.7917344143387,116.498612958757,-149.663879394531
1542353294.352153362,39.7917345959308,116.498612731148,-149.648254394531
1542353294.394951576,39.7917347761911,116.498612536839,-149.644378662109
1542353294.442910785,39.7917348483461,116.498612220588,-149.641082763672
1542353294.485703276,39.7917349434772,116.498611949862,-149.664093017578
1542353294.533773817,39.7917350912595,116.498611762693,-149.641998291016
1542353294.581896906,39.7917353806411,116.498611260615,-149.605972290039
1542353294.624689608,39.7917360822376,116.498610573073,-149.674880981445
1542353294.672726077,39.79173646427,116.498610334052,-149.735870361328
1542353294.715544343,39.7917333017185,116.498613491886,-149.636383056641
1542353294.763565477,39.7917334792359,116.498613242684,-149.63720703125
1542353294.811693144,39.7917336358564,116.498613695242,-149.655914306641
1542353294.854455093,39.7917337960961,116.498613473573,-149.65478515625
1542353294.902523335,39.7917339881908,116.498613245442,-149.655990600586
1542353294.945298597,39.7917341689012,116.498613049168,-149.654327392578
1542353294.993422845,39.7917343415651,116.498612779275,-149.639938354492
1542353295.041461449,39.7917344772472,116.498612537409,-149.642715454102
1542353295.084276243,39.7917346122507,116.498612292078,-149.655410766602
1542353295.132330166,39.7917335525021,116.498613548003,-149.682601928711
1542353295.175095633,39.7917337175188,116.498613449107,-149.68244934082
1542353295.223117458,39.7917338634889,116.498613284565,-149.688125610352
1542353295.271239196,39.7917340063982,116.49861310059,-149.680740356445
1542353295.314050015,39.7917337427233,116.49861338023,-149.844848632812
1542353295.362081124,39.7917338507799,116.498613273351,-149.841461181641
1542353295.404898283,39.7917339308711,116.49861302806,-149.860015869141
1542353295.452916201,39.7917340278709,116.498612735956,-149.855285644531
1542353295.501062930,39.7917337361459,116.498613507212,-149.8798828125
1542353295.543821405,39.7917338653437,116.498613364791,-149.864059448242
1542353295.591880061,39.7917332387623,116.498613466941,-149.688079833984
1542353295.634660520,39.7917332964952,116.498613371024,-149.687606811523
1542353295.682749503,39.7917333838532,116.498613265807,-149.690338134766
1542353295.725495419,39.7917328635682,116.498613524193,-149.592376708984
1542353295.773588210,39.7917329049178,116.49861343889,-149.59342956543
1542353295.821679809,39.7917329557333,116.498613344452,-149.596496582031
1542353295.864525776,39.7917330080643,116.49861326029,-149.594940185547
1542353295.912517920,39.7917330654081,116.498613160262,-149.591659545898
1542353295.955343266,39.7917331088652,116.498613063331,-149.594223022461
1542353296.003428003,39.7917331708152,116.498612957343,-149.59342956543
1542353296.051480417,39.7917332374081,116.498612855077,-149.594268798828
1542353296.094245668,39.7917333055274,116.498612768196,-149.594512939453
1542353296.142455462,39.7917336742822,116.498613935425,-149.736892700195
1542353296.185102248,39.7917337389807,116.498613864145,-149.737243652344
1542353296.233145587,39.7917338163161,116.498613789441,-149.737899780273
1542353296.281272919,39.791733887039,116.498613694163,-149.735443115234
1542353296.324052579,39.7917335773039,116.498614114097,-149.769088745117
1542353296.372221589,39.791733641281,116.498614041629,-149.768325805664
1542353296.414877786,39.7917334533662,116.498613790433,-149.697738647461
1542353296.462947329,39.7917335051598,116.498613716901,-149.697601318359
1542353296.511108315,39.7917335603071,116.498613633905,-149.699493408203
1542353296.553810862,39.7917336137891,116.498613558157,-149.698577880859
1542353296.601861683,39.7917336743085,116.498613468201,-149.697845458984
1542353296.644659800,39.7917337210402,116.498613374764,-149.699691772461
1542353296.692723024,39.791733776606,116.49861326206,-149.704177856445
1542353296.740826622,39.7917333752573,116.498613685483,-149.607559204102
1542353296.783633717,39.7917334200726,116.498613615453,-149.605590820312
1542353296.831665740,39.7917334585437,116.498613519447,-149.609451293945
1542353296.874442947,39.7917335016652,116.498613428494,-149.608459472656
1542353296.922487676,39.7917331074882,116.498613822206,-149.832672119141
1542353296.965358479,39.7917331412531,116.498613813056,-149.831848144531
1542353297.013407726,39.7917331949439,116.498613788579,-149.831634521484
1542353297.061476847,39.7917332504004,116.498613751234,-149.828155517578
1542353297.104223426,39.7917332988405,116.498613711376,-149.826171875
1542353297.152393379,39.7917333537616,116.498613658172,-149.826538085938
1542353297.195071210,39.7917334097385,116.49861361177,-149.82682800293
1542353297.243157573,39.7917334713115,116.498613548895,-149.829940795898
1542353297.291217241,39.7917335364948,116.498613479207,-149.826232910156
1542353297.334101243,39.7917336726749,116.498613995312,-149.721298217773
1542353297.382086284,39.7917337108856,116.498613930643,-149.722946166992
1542353297.424897704,39.7917338306681,116.498614102536,-149.757308959961
1542353297.472947069,39.7917338884152,116.498614033656,-149.756866455078
1542353297.521032841,39.7917339509744,116.498613966399,-149.758651733398
1542353297.563802808,39.7917340081453,116.498613902044,-149.757080078125
1542353297.611866919,39.7917335544717,116.498613586223,-149.696273803711
1542353297.654620160,39.791733589126,116.498613519696,-149.695785522461
1542353297.702758843,39.7917336491547,116.498613453818,-149.695343017578
1542353297.750937368,39.791733716945,116.498613389699,-149.691757202148
1542353297.793616280,39.7917337731389,116.498613323266,-149.689224243164
1542353297.841677034,39.7917335216771,116.498612988849,-149.572357177734
1542353297.884460069,39.7917335610932,116.498612941166,-149.571594238281
1542353297.932501398,39.7917336133638,116.49861286833,-149.570693969727
1542353297.980613843,39.7917336772895,116.498612796981,-149.571044921875
1542353298.023401527,39.7917335458117,116.498613660993,-149.827758789062
1542353298.071403924,39.7917336040096,116.498613604852,-149.827774047852
1542353298.114219557,39.7917336540532,116.498613553638,-149.830154418945
1542353298.162375603,39.7917337064653,116.498613478037,-149.827865600586
1542353298.205058749,39.7917337549559,116.498613411337,-149.826507568359
1542353298.253111671,39.7917342039628,116.498613719944,-150.019378662109
1542353298.301258269,39.7917342679616,116.498613715835,-150.019271850586
1542353298.344036773,39.791734408149,116.498613885938,-150.074584960938
1542353298.392115408,39.7917344904644,116.498613856807,-150.073226928711
1542353298.434880087,39.7917345657624,116.498613816124,-150.07487487793
1542353298.482896418,39.7917346520124,116.498613753838,-150.072280883789
1542353298.531008918,39.7917347422733,116.498613692174,-150.071228027344
1542353298.573797801,39.7917348302267,116.498613645442,-150.072265625
1542353298.621880538,39.7917349159614,116.498613528491,-150.078628540039
1542353298.664651538,39.791734990752,116.498613342933,-150.086242675781
1542353298.712684263,39.7917351077025,116.498613091885,-150.078506469727
1542353298.760794771,39.7917351908312,116.49861283419,-150.061157226562
1542353298.803672387,39.7917352603981,116.498612629618,-150.056030273438
1542353298.851650584,39.7917353553633,116.49861239861,-150.055892944336
1542353298.894425745,39.7917354417026,116.498612176872,-150.058288574219
1542353298.942519694,39.7917355463578,116.498611911605,-150.064071655273
1542353298.990644321,39.7917356622413,116.498611620627,-150.071640014648
1542353299.033414709,39.7917357785086,116.498611345654,-150.07568359375
1542353299.081401008,39.7917359220124,116.498611060346,-150.073547363281
1542353299.124305263,39.7917360540022,116.498610812689,-150.069442749023
1542353299.172294013,39.791736175257,116.498610409875,-150.059020996094
1542353299.220379203,39.7917359069315,116.498608872421,-150.031585693359
1542353299.263155209,39.7917343794434,116.498605276252,-150.014602661133
1542353299.311296033,39.7917326687286,116.498602722049,-150.04833984375
1542353299.353998043,39.7917332678866,116.498613548852,-149.924957275391
1542353299.402044289,39.7917329935617,116.49861322144,-149.925430297852
1542353299.444862614,39.7917335710919,116.498613579719,-149.967544555664
1542353299.492950950,39.7917335260563,116.498613442834,-149.967147827148
1542353299.541004414,39.7917334890876,116.498613359936,-149.966323852539
1542353299.583809773,39.7917334699714,116.498613310422,-149.965377807617
1542353299.631814952,39.7917338155009,116.498614482905,-149.752716064453
1542353299.674609194,39.7917337658201,116.498614445449,-149.751449584961
1542353299.722676885,39.7917337439526,116.498614412027,-149.750778198242
1542353299.770781098,39.7917337317247,116.498614383943,-149.749008178711
1542353299.813580677,39.7917337253319,116.498614360153,-149.746780395508
1542353299.861633266,39.7917337277003,116.498614340464,-149.745376586914
1542353299.904423973,39.7917337341573,116.498614323071,-149.743148803711
1542353299.952481540,39.7917337417699,116.498614302154,-149.741104125977
1542353300.000590894,39.7917338036191,116.498614355521,-149.742782592773
1542353300.043366203,39.7917336840401,116.498614176542,-149.833465576172
1542353300.091406006,39.7917336909932,116.498614043327,-149.835968017578
1542353300.134204201,39.7917339533353,116.498614360929,-149.831695556641
1542353300.182257579,39.7917339685832,116.498614293588,-149.836791992188
1542353300.230347046,39.791733988619,116.498614231803,-149.845901489258
1542353300.273185674,39.7917341370668,116.498614607986,-149.76887512207
1542353300.321282043,39.7917340928034,116.498614517126,-149.758605957031
1542353300.363995668,39.7917343328856,116.498614998884,-149.777313232422
1542353300.412066248,39.7917343029424,116.498614911184,-149.781372070312
1542353300.460137907,39.791734479547,116.498615073529,-149.788787841797
1542353300.503014123,39.7917344662582,116.498615024367,-149.792785644531
1542353300.551018576,39.7917344299564,116.498614922334,-149.792694091797
1542353300.593814968,39.7917343931206,116.498614823627,-149.798568725586
1542353300.641896317,39.791734357701,116.49861472653,-149.807235717773
1542353300.684614341,39.7917343275537,116.498614654853,-149.812255859375
1542353300.732698018,39.791734289945,116.498614543362,-149.816986083984
1542353300.780779216,39.7917336868941,116.498614328981,-149.730926513672
1542353300.823548674,39.7917336272561,116.498614268689,-149.733612060547
1542353300.871639861,39.7917335283648,116.498614153514,-149.737014770508
1542353300.914427439,39.7917334048155,116.498613985922,-149.742630004883
1542353300.962447662,39.7917332841748,116.4986138103,-149.752197265625
1542353301.010551045,39.7917331748442,116.498613663648,-149.757766723633
1542353301.053338810,39.7917330737411,116.498613504815,-149.753723144531
1542353301.101423860,39.7917329170928,116.498613262787,-149.742813110352
1542353301.144287049,39.7917326907131,116.498613033713,-149.734130859375
1542353301.192266563,39.7917324095967,116.498612799562,-149.734420776367
1542353301.240337350,39.7917321106188,116.498612516725,-149.740936279297
1542353301.283135233,39.7917318457108,116.498612236588,-149.745101928711
1542353301.331291084,39.791732715296,116.498611443962,-149.844589233398
1542353301.373978160,39.7917326363902,116.498611312646,-149.807281494141
1542353301.422029633,39.7917325406612,116.498611619745,-149.802825927734
1542353301.470158211,39.7917323486863,116.498611568004,-149.803604125977
1542353301.512929643,39.79173215888,116.498611502244,-149.827743530273
1542353301.560977956,39.7917320151345,116.498611180687,-149.743606567383
1542353301.603778954,39.7917318865442,116.498611182379,-149.756896972656
1542353301.651796569,39.7917316861808,116.4986110991,-149.753601074219
1542353301.699925372,39.7917314792864,116.498611037203,-149.764266967773
1542353301.742730666,39.7917313168415,116.498611031956,-149.779571533203
1542353301.790748677,39.7917311242946,116.498610983338,-149.809188842773
1542353301.833545809,39.7917315944255,116.498609744407,-149.65283203125
1542353301.881575350,39.7917314710443,116.498609684375,-149.657592773438
1542353301.924396011,39.7917312518101,116.498609540411,-149.645080566406
1542353301.972433095,39.7917315407585,116.498609195711,-149.455841064453
1542353302.020611224,39.7917314457878,116.498609065967,-149.466445922852
1542353302.063355449,39.7917313607857,116.498609097967,-149.450134277344
1542353302.111418196,39.7917312180984,116.498608954337,-149.465560913086
1542353302.154227102,39.7917311031144,116.49860886359,-149.480728149414
1542353302.202237161,39.7917309538207,116.498608663826,-149.498138427734
1542353302.250340123,39.7917310090594,116.498607890374,-149.465744018555
1542353302.293242537,39.7917308985979,116.498607729286,-149.464157104492
1542353302.341278645,39.7917307047976,116.498607507396,-149.473388671875
1542353302.383971078,39.7917305112779,116.498607262638,-149.479080200195
1542353302.432040971,39.7917303255639,116.498607026255,-149.49089050293
1542353302.480121640,39.7917306509783,116.498606608866,-149.380157470703
1542353302.522918549,39.7917305940305,116.49860639253,-149.392761230469
1542353302.570934266,39.791730770213,116.498605954738,-149.38395690918
1542353302.613797457,39.7917306532612,116.498605716777,-149.398483276367
1542353302.661791191,39.7917303180298,116.498606207119,-149.54182434082
1542353302.709919933,39.7917301822568,116.498606001878,-149.553283691406
1542353302.752688459,39.7917299870358,116.498605682956,-149.555740356445
1542353302.800735332,39.7917297440269,116.498605332516,-149.551239013672
1542353302.843565037,39.7917295513521,116.498605064584,-149.556915283203
1542353302.891591827,39.7917293869346,116.498604833059,-149.568008422852
1542353302.939715665,39.7917292110291,116.498604622445,-149.580505371094
1542353302.982471441,39.7917297580821,116.498604152552,-149.612884521484
1542353303.030615384,39.791729620734,116.498603775094,-149.623764038086
1542353303.073348983,39.7917294501847,116.498603453346,-149.637725830078
1542353303.121390897,39.7917292717253,116.498603063354,-149.639633178711
1542353303.164206653,39.7917289159103,116.498602956436,-149.376754760742
1542353303.212212937,39.7917288026415,116.498602606529,-149.378692626953
1542353303.260307799,39.7917285578451,116.498602199037,-149.412658691406
1542353303.303106666,39.7917283525968,116.498601718802,-149.425308227539
1542353303.351163968,39.7917284178229,116.498601957611,-149.454315185547
1542353303.393960552,39.7917283142917,116.49860173472,-149.462936401367
1542353303.442058769,39.7917281572324,116.498601396438,-149.458618164062
1542353303.490204371,39.7917278517008,116.498600888683,-149.43913269043
1542353303.532912112,39.7917276149471,116.498600523706,-149.428497314453
1542353303.580971909,39.7917273993468,116.498600112181,-149.433410644531
1542353303.623748374,39.7917272092285,116.498599752626,-149.440856933594
1542353303.671795743,39.7917269329826,116.498599385798,-149.45246887207
1542353303.719928552,39.7917266020195,116.498599037943,-149.432037353516
1542353303.762681491,39.7917267830951,116.498599165181,-149.240280151367
1542353303.810761112,39.7917264519964,116.498598716282,-149.279510498047
1542353303.853540184,39.791726980251,116.498598386833,-149.432861328125
1542353303.901572693,39.7917267385864,116.498598236786,-149.485046386719
1542353303.949678787,39.7917263786281,116.498597758051,-149.558197021484
1542353303.992485873,39.7917265992917,116.498597452223,-149.422897338867
1542353304.040576668,39.7917263842002,116.498597189736,-149.63117980957
1542353304.083314873,39.7917262333268,116.498596613271,-149.854293823242
1542353304.131399847,39.7917261378939,116.498595926302,-150.106552124023
1542353304.179464608,39.7917261160269,116.498595147951,-150.392944335938
1542353304.222299355,39.7917261769533,116.498594406994,-150.692184448242
1542353304.270320541,39.7917262130919,116.498593679455,-151.048187255859
1542353304.313163463,39.7917261284694,116.498593084009,-151.388702392578
1542353304.361148131,39.7917266654917,116.498592685784,-151.771209716797
1542353304.403951337,39.7917276934699,116.498593281238,-152.302627563477
1542353304.452009060,39.7917284204327,116.498593829107,-152.730285644531
1542353304.500186742,39.7917259202995,116.49859412816,-147.026870727539
1542353304.542951047,39.7917267596775,116.498594835101,-147.35627746582
1542353304.590992242,39.7917258337896,116.498594209575,-146.565322875977
1542353304.633761609,39.7917263263765,116.498593997008,-146.885498046875
1542353304.681795145,39.7917252664983,116.498593050014,-145.214294433594
1542353304.729921372,39.7917254866604,116.498593478677,-145.622482299805
1542353304.772694605,39.7917259462852,116.498593585169,-146.012145996094
1542353304.820751264,39.7917265798089,116.498593913478,-146.438888549805
1542353304.863504131,39.7917241609024,116.498592634236,-143.525177001953
1542353304.911591257,39.7917238272304,116.498591892968,-143.911895751953
1542353304.959663556,39.7917234613782,116.498591169501,-142.692687988281
1542353305.002491166,39.7917232541163,116.498591195209,-143.057006835938
1542353305.050533270,39.791723006818,116.498591115201,-143.50146484375
1542353305.093347438,39.7917221564049,116.498590176817,-141.642105102539
1542353305.141345416,39.7917218774834,116.498590348303,-142.123931884766
1542353305.189497121,39.7917210936527,116.498589904936,-140.886947631836
1542353305.232262664,39.7917210289631,116.498590028872,-141.257446289062
1542353305.280339295,39.7917207814369,116.498590138015,-141.666076660156
1542353305.323167463,39.7917205727482,116.498590156456,-142.042694091797
1542353305.371194413,39.7917203543484,116.498590176571,-142.49870300293
1542353305.419268080,39.7917207682119,116.498590565339,-142.979721069336
1542353305.462045162,39.7917207390098,116.49859073186,-143.414978027344
1542353305.510114852,39.7917206928545,116.498590607294,-143.892822265625
1542353305.552940758,39.7917208706542,116.498589950033,-144.31086730957
1542353305.600931785,39.7917208563174,116.498589916769,-144.766311645508
1542353305.643744644,39.7917213276269,116.498589482747,-145.186065673828
1542353305.691821652,39.7917185188485,116.498585672407,-136.564254760742
1542353305.739868043,39.7917186676935,116.498585443647,-137.047714233398
1542353305.782705019,39.7917186784592,116.498584972778,-137.435806274414
1542353305.830752083,39.7917187261011,116.498584625667,-137.806991577148
1542353305.873508070,39.7917169915101,116.498584079509,-133.933578491211
1542353305.921551491,39.7917173910115,116.498584265042,-134.250686645508
1542353305.969753942,39.7917174641674,116.49858462874,-134.561996459961
1542353306.012440933,39.7917166792832,116.498583690231,-133.066680908203
1542353306.060515336,39.7917170975239,116.49858349145,-133.440643310547
1542353306.103379664,39.7917175319877,116.498583604146,-133.774719238281
1542353306.151390880,39.7917177889048,116.498583500343,-134.16764831543
1542353306.199434210,39.7917156170948,116.49858202051,-131.635955810547
1542353306.242245678,39.7917158978302,116.498581443747,-131.941497802734
1542353306.290344852,39.7917143851694,116.498580699905,-131.064804077148
1542353306.333165993,39.7917146438294,116.498580401947,-131.391143798828
1542353306.381130235,39.7917149538985,116.498580028044,-131.790191650391
1542353306.429239615,39.7917153526945,116.498579621988,-132.202926635742
1542353306.472123831,39.7917155810455,116.498579318935,-132.573394775391
1542353306.520095749,39.7917126062666,116.498578897557,-129.750152587891
1542353306.562932309,39.7917122326716,116.498578860766,-130.092864990234
1542353306.611002656,39.7917111091769,116.498578350777,-129.087188720703
1542353306.659099007,39.7917109948776,116.498577927607,-129.464370727539
1542353306.701834933,39.7917100802397,116.498577320937,-128.272918701172
1542353306.749966010,39.7917100863434,116.498577075246,-128.687850952148
1542353306.792650951,39.7917095266466,116.498576168748,-127.280494689941
1542353306.840744785,39.7917094993322,116.498575774616,-127.719108581543
1542353306.883522285,39.7917094920696,116.498575464306,-128.067794799805
1542353306.931557316,39.7917095297721,116.498575147359,-128.451675415039
1542353306.979672019,39.7917095304401,116.498574854336,-128.860412597656
1542353307.022446425,39.7917081355196,116.498574714733,-125.715217590332
1542353307.070552086,39.7917081828274,116.498574638524,-126.146728515625
1542353307.113282357,39.7917084225484,116.498574271607,-126.531936645508
1542353307.161349294,39.7917085682592,116.498574014012,-126.970306396484
1542353307.209449157,39.791708612325,116.498573720887,-127.401779174805
1542353307.252332194,39.7917081746543,116.498573097027,-127.781410217285
1542353307.300311092,39.7917081941261,116.498572747029,-128.19270324707
1542353307.343093875,39.791708132344,116.498572579734,-128.552688598633
1542353307.391148921,39.7917079114816,116.498572435762,-128.984893798828
1542353307.439237378,39.7917073130608,116.498572362695,-129.421936035156
1542353307.482040714,39.7917029005328,116.498570743546,-121.044036865234
1542353307.530091965,39.791704016286,116.498570918511,-121.482971191406
1542353307.572888583,39.791704361505,116.498571767549,-121.806526184082
1542353307.620956232,39.791702498415,116.498570258012,-120.109832763672
1542353307.669115191,39.7917030307883,116.498570332921,-120.593688964844
1542353307.711809045,39.7917016372801,116.498569241522,-119.159172058105
1542353307.759982958,39.791701841703,116.498568579755,-119.643310546875
1542353307.802657289,39.7917022815081,116.498568238298,-120.103897094727
1542353307.850694303,39.7917027387087,116.498567936883,-120.578598022461
1542353307.898791050,39.7917032447562,116.498567679953,-121.038124084473
1542353307.941590083,39.7917036109264,116.498567356729,-121.445373535156
1542353307.989650103,39.7917041836511,116.49856732556,-121.86491394043
1542353308.032456762,39.7916980026763,116.49856828183,-116.161819458008
1542353308.080531558,39.7916983428731,116.498567990794,-116.610107421875
1542353308.123266878,39.7916969377302,116.498566837086,-115.317031860352
1542353308.171343305,39.7916968658537,116.498566399767,-115.758659362793
1542353308.219446350,39.7916956878385,116.498566079395,-114.297203063965
1542353308.262257290,39.7916959114567,116.498565880444,-114.723266601562
1542353308.310274158,39.7916941004163,116.498565827513,-113.248435974121
1542353308.353109262,39.7916942360441,116.498565513405,-113.684524536133
1542353308.401116303,39.7916947495195,116.49856523101,-114.168502807617
1542353308.449253089,39.7916952610557,116.498565128541,-114.674331665039
1542353308.492064549,39.7916957429516,116.49856523502,-115.157752990723
1542353308.540138213,39.7916920357752,116.498564963577,-111.289291381836
1542353308.582869357,39.7916920105425,116.498564919003,-111.746566772461
1542353308.630941428,39.7916905393468,116.498564594353,-110.273635864258
1542353308.679073775,39.7916906753829,116.49856426928,-110.782424926758
1542353308.721811594,39.7916907359207,116.498564060566,-111.226615905762
1542353308.769870707,39.7916908827348,116.498563653689,-111.72233581543
1542353308.812654144,39.7916877143179,116.498563471573,-108.153587341309
1542353308.860690728,39.7916877592466,116.498563234466,-108.650451660156
1542353308.908798589,39.791686664247,116.498563584767,-107.243347167969
1542353308.951587114,39.7916867749194,116.498563391587,-107.699249267578
1542353308.999716466,39.7916869349624,116.498563029555,-108.184211730957
1542353309.042473013,39.7916870742744,116.498562672823,-108.620162963867
1542353309.090474822,39.7916872101953,116.498562357666,-109.112319946289
1542353309.139224871,39.7916872118908,116.498562261954,-109.579093933105
1542353309.181356045,39.7916856388655,116.498562859906,-109.966026306152
1542353309.229410730,39.7916845353517,116.498563285716,-110.462387084961
1542353309.272277891,39.7916843985713,116.498563235055,-110.88191986084
1542353309.320283752,39.7916836369454,116.498563111744,-111.350982666016
1542353309.363086104,39.7916834895232,116.498562965046,-111.840454101562
1542353309.411104085,39.7916803393607,116.498560451191,-102.392807006836
1542353309.459236937,39.791680959893,116.498560637369,-103.100143432617
1542353309.502035721,39.7916809975749,116.498561563472,-103.719245910645
1542353309.550036931,39.7916809248055,116.498561645789,-104.445526123047
1542353309.592842768,39.7916804847442,116.498561435569,-105.08837890625
1542353309.640887198,39.7916776089596,116.498560814588,-99.8223190307617
1542353309.689042243,39.7916778311423,116.498560866045,-100.467361450195
1542353309.731765814,39.791676333592,116.498560805928,-98.3829040527344
1542353309.779914631,39.7916765162434,116.498560418511,-98.999137878418
1542353309.822632676,39.7916765505759,116.498560188064,-99.5085754394531
1542353309.870676852,39.7916766432739,116.498559926395,-100.036979675293
1542353309.918758211,39.7916733687476,116.498560104828,-95.1804275512695
1542353309.961566646,39.7916737081213,116.498559629221,-95.627197265625
1542353310.009679453,39.7916739660935,116.498559386628,-96.1238784790039
1542353310.052458029,39.7916722948873,116.498559967014,-93.8455352783203
1542353310.100457776,39.7916722648493,116.498558923484,-94.4039001464844
1542353310.148575162,39.7916710540081,116.498559557318,-92.769287109375
1542353310.191386686,39.791669984775,116.498558914196,-93.2467575073242
1542353310.239409503,39.7916693127972,116.498559382902,-91.6478881835938
1542353310.282229283,39.791668127875,116.498560086814,-92.1188507080078
1542353310.330275900,39.7916671588061,116.498560692506,-90.6599731445312
1542353310.382903787,39.7916669446224,116.498562105518,-91.2517852783203
1542353310.421159237,39.7916665034133,116.498562536583,-91.7132263183594
1542353310.469252155,39.7916658668165,116.498563030037,-92.2589950561523
1542353310.512098884,39.7916652456386,116.49856343996,-92.7424163818359
1542353310.560058336,39.7916643918257,116.498563781932,-93.2682647705078
1542353310.602968683,39.7916635497469,116.498564027775,-93.6921005249023
1542353310.650874352,39.7916620256,116.498563793391,-94.0932159423828
1542353310.699002448,39.7916615814946,116.498564437347,-94.5367431640625
1542353310.741819851,39.7916612380277,116.4985639042,-95.2681427001953
1542353310.789883545,39.7916609259943,116.498562261183,-95.9660491943359
1542353310.832622421,39.7916617738083,116.498563447559,-86.0503921508789
1542353310.880674439,39.7916617052471,116.498563557536,-86.5928802490234
1542353310.928785513,39.7916610575678,116.498564410699,-87.1420135498047
1542353310.971583067,39.7916602098286,116.498564840206,-87.6817092895508
1542353311.019617812,39.7916592390309,116.498564824516,-88.2866821289062
1542353311.062415315,39.7916588055446,116.498563969414,-88.7351531982422
1542353311.110461419,39.7916597149767,116.498560653216,-89.0277633666992
1542353311.158560342,39.7916603599587,116.498559409437,-89.4560394287109
1542353311.201365705,39.7916611209267,116.49855785786,-89.7913513183594
1542353311.249429504,39.791656764341,116.498562731248,-79.9556579589844
1542353311.292218750,39.7916559406754,116.498562884342,-80.2428512573242
1542353311.340270374,39.7916550385676,116.498563704118,-79.0209045410156
1542353311.388361003,39.791655472509,116.498564975796,-79.2462692260742
1542353311.431165571,39.7916542517105,116.498565023649,-78.3360595703125
1542353311.479204688,39.7916551402648,116.498565743685,-78.526252746582
1542353311.522057798,39.7916535034945,116.498565332224,-78.1545333862305
1542353311.570035605,39.7916537221487,116.498565635888,-78.2789993286133
1542353311.618168374,39.7916540428817,116.498566310737,-78.3722686767578
1542353311.661027703,39.7916542776444,116.498566924946,-78.4417266845703
1542353311.708980339,39.7916545215364,116.498567749644,-78.5136337280273
1542353311.751790614,39.7916547253929,116.4985685661,-78.5556793212891
1542353311.799803731,39.7916548799726,116.498569572369,-78.5989990234375
1542353311.842651051,39.7916549133902,116.498570735954,-78.6313095092773
1542353311.890661873,39.7916549515436,116.498572020827,-78.6955871582031
1542353311.938758618,39.7916548866169,116.498573259522,-78.7803955078125
1542353311.981578617,39.7916550264996,116.498574137527,-78.8085098266602
1542353312.029606306,39.7916469134996,116.4985670382,-77.3417587280273
1542353312.072437966,39.7916467976396,116.498567927547,-77.34228515625
1542353312.120441834,39.7916468415754,116.498568941389,-77.4523620605469
1542353312.168538966,39.7916467590679,116.498570000425,-77.4818420410156
1542353312.211357212,39.7916467151293,116.49857093786,-77.5131607055664
1542353312.259439703,39.7916449005586,116.49856737271,-77.388427734375
1542353312.302210878,39.7916447831005,116.498568023031,-77.4436798095703
1542353312.350265943,39.7916437463823,116.49856730596,-77.3025512695312
1542353312.398497394,39.7916439824928,116.498568379256,-77.345588684082
1542353312.441144500,39.7916427553119,116.498568606394,-77.1513214111328
1542353312.489212689,39.79164301496,116.498569192528,-77.2164993286133
1542353312.532005817,39.7916432496247,116.498569973205,-77.2947845458984
1542353312.580039605,39.7916435026355,116.498570870188,-77.3565979003906
1542353312.628162403,39.7916437158913,116.49857173704,-77.4245910644531
1542353312.670976123,39.791640068544,116.498568376866,-76.8909149169922
1542353312.718998540,39.7916406468266,116.498569072597,-76.9416046142578
1542353312.761784373,39.7916412443758,116.498569856514,-77.0410079956055
1542353312.809834397,39.7916418317752,116.498570772193,-77.0672302246094
1542353312.857961623,39.7916424114099,116.498571640794,-77.0966567993164
1542353312.900723303,39.791642900848,116.498572380436,-77.1325759887695
1542353312.948827324,39.7916431958772,116.498573028529,-77.1012115478516
1542353312.991539302,39.7916436068722,116.498573709992,-77.1231384277344
1542353313.039620402,39.7916440858791,116.498574415782,-77.1708679199219
1542353313.082380961,39.7916445537273,116.498575055144,-77.1758880615234
1542353313.130422090,39.7916452711888,116.498575726441,-77.1198196411133
1542353313.178550972,39.7916460633586,116.498576236859,-77.0915451049805
1542353313.221360725,39.7916467560951,116.498576567068,-77.103759765625
1542353313.269395020,39.7916476257426,116.498576832341,-77.2178192138672
1542353313.312181252,39.7916483175657,116.498577673438,-77.4517974853516
1542353313.360277456,39.7916309521211,116.4985712788,-76.7594146728516
1542353313.408354161,39.7916314959648,116.49857214045,-77.0666275024414
1542353313.451110187,39.7916298202763,116.498572028112,-76.7050094604492
1542353313.499159446,39.7916302541306,116.498572462404,-76.927978515625
1542353313.541998117,39.7916287481384,116.498572182624,-76.3956451416016
1542353313.590015026,39.7916299592316,116.498572355169,-76.5305099487305
1542353313.638197450,39.7916284960801,116.49857223475,-75.5965118408203
1542353313.680974748,39.7916293836362,116.498571747979,-75.405029296875
1542353313.728962523,39.7916299331588,116.498570191764,-75.9709396362305
1542353313.771766520,39.7916306334119,116.498569702119,-76.1961212158203
1542353313.819835553,39.7916314821349,116.498569127405,-76.4463577270508
1542353313.867925942,39.791632226985,116.49856857923,-76.7560424804688
1542353313.910707513,39.7916321983648,116.498568217216,-77.0370330810547
1542353313.958720068,39.7916247701761,116.498571198413,-74.5581588745117
1542353314.001558466,39.7916248498281,116.498569573031,-74.7948913574219
1542353314.049579871,39.791625256593,116.498568318662,-75.0801391601562
1542353314.097703442,39.7916256209715,116.498567102596,-75.3233642578125
1542353314.140453580,39.7916260556704,116.498565907078,-75.5411071777344
1542353314.188538505,39.7916261328234,116.498564864046,-75.796989440918
1542353314.231346877,39.7916262652089,116.498563869759,-76.0403900146484
1542353314.279455417,39.7916203151001,116.498571829263,-72.4477844238281
1542353314.322219049,39.791621515888,116.498573703579,-72.6845779418945
1542353314.370200024,39.7916220014729,116.498574333827,-72.7473907470703
1542353314.418320885,39.7916226419218,116.498574700141,-72.9749450683594
1542353314.461106836,39.7916232079648,116.498575003783,-73.1892547607422
1542353314.509177230,39.7916238881315,116.498575446588,-73.4374694824219
1542353314.552031366,39.7916247774125,116.498575935028,-73.7372894287109
1542353314.600015478,39.7916241783165,116.498576150768,-73.8968048095703
1542353314.648116501,39.7916227615093,116.498576795309,-74.2354125976562
1542353314.690951739,39.7916217821882,116.498577131054,-74.5807495117188
1542353314.739083038,39.791621103529,116.498577085877,-74.9156265258789
1542353314.781731513,39.7916208903459,116.498577350152,-75.1317901611328
1542353314.829812513,39.7916209579674,116.498578562092,-75.3747100830078
1542353314.877881112,39.7916114761536,116.498577421252,-68.4835968017578
1542353314.920654826,39.7916108317433,116.49857755168,-68.7434921264648
1542353314.968738558,39.7916100785579,116.498577528081,-68.9139251708984
1542353315.011534905,39.7916094920744,116.498577657087,-69.010009765625
1542353315.059601351,39.7916087507334,116.498577772402,-69.2587814331055
1542353315.107688414,39.7916080198475,116.498577838534,-69.5138397216797
1542353315.150500304,39.7916073954223,116.498578031988,-69.7316741943359
1542353315.198532278,39.7916066879445,116.498578337059,-70.010498046875
1542353315.241345831,39.7916061787204,116.498577961571,-70.1752166748047
1542353315.289440417,39.7916067079516,116.498580277891,-66.7343597412109
1542353315.337466892,39.7916057498697,116.498580989338,-66.9116134643555
1542353315.380339228,39.7916056183132,116.498581171409,-66.243049621582
1542353315.428311909,39.7916057201854,116.498582085768,-66.2807769775391
1542353315.471103300,39.7916051530823,116.498582200583,-65.7745590209961
1542353315.519166241,39.7916052277493,116.498583019084,-65.76513671875
1542353315.561935010,39.7916052372689,116.498583810078,-65.8921279907227
1542353315.609994887,39.7916049833099,116.498584755788,-65.9333953857422
1542353315.658098889,39.7916047367548,116.498585775031,-65.9834213256836
1542353315.700900490,39.7916048101511,116.49858588955,-66.0298919677734
1542353315.748920122,39.7916047909425,116.498586262489,-66.0411682128906
1542353315.791731894,39.7916047185892,116.498586481516,-66.0612335205078
1542353315.839858713,39.7916046087813,116.498587043991,-66.1099090576172
1542353315.887895385,39.7916012004251,116.498584127723,-64.9634017944336
1542353315.930685360,39.791602039979,116.498584807359,-64.9917068481445
1542353315.978723242,39.7916007279947,116.498584783744,-64.8552703857422
1542353316.021587215,39.7916010059538,116.498585393157,-64.8965148925781
1542353316.069646809,39.7916015419284,116.498586360012,-64.9714126586914
1542353316.117664930,39.7916019841496,116.498587377706,-65.0091781616211
1542353316.160487920,39.7916023958999,116.498588266858,-65.0492858886719
1542353316.208492104,39.7916028098318,116.498588697722,-65.1063385009766
1542353316.251403426,39.7916031862299,116.498589307395,-65.1569976806641
1542353316.299375355,39.7916035191324,116.498590283971,-65.2025146484375
1542353316.347479556,39.7916038189973,116.498591376915,-65.2603149414062
1542353316.390236922,39.7916038400994,116.498592664532,-65.3339080810547
1542353316.438311722,39.7916039725525,116.498593958694,-65.403076171875
1542353316.481123108,39.7916039244297,116.498595358364,-65.4621200561523
1542353316.529341817,39.7916038666918,116.49859702876,-65.5018844604492
1542353316.577264943,39.7915955675712,116.498590252563,-64.9907531738281
1542353316.620069043,39.7915953697678,116.498591218633,-65.0537643432617
1542353316.668096180,39.7915954422922,116.498592489254,-65.2179412841797
1542353316.710935457,39.7915953075117,116.498593763142,-65.2666473388672
1542353316.758969385,39.7915951655636,116.498595256484,-65.2861557006836
1542353316.801724811,39.7915953712812,116.49859524625,-65.3709869384766
1542353316.849879449,39.7915955843737,116.498595161656,-65.3448257446289
1542353316.897851571,39.7915955609174,116.498595658781,-65.3826675415039
1542353316.940671882,39.7915955247574,116.498596627323,-65.4304504394531
1542353316.988706751,39.7915951673552,116.498598059027,-65.4174652099609
1542353317.031543826,39.7915949366198,116.498599295547,-65.4278945922852
1542353317.079562111,39.7915947473309,116.498600601033,-65.4676971435547
1542353317.127684555,39.7915945240418,116.498601912333,-65.5174331665039
1542353317.170449775,39.7915873451624,116.498592266008,-64.3289794921875
1542353317.218544060,39.7915893427928,116.4985916224,-64.3557052612305
1542353317.261320570,39.7915902989809,116.498591695575,-64.5243911743164
1542353317.309369242,39.7915912122659,116.498591957181,-64.5795669555664
1542353317.357458475,39.7915921327766,116.49859217028,-64.6132965087891
1542353317.400214741,39.7915929404572,116.498592334363,-64.6498641967773
1542353317.448337342,39.7915935326743,116.498591862976,-64.5271148681641
1542353317.491088314,39.7915845181851,116.498592817229,-63.9504241943359
1542353317.539125889,39.7915852247492,116.498592444542,-63.9793701171875
1542353317.587327978,39.7915841580775,116.498593534215,-63.5816497802734
1542353317.630016851,39.7915848529444,116.498593163844,-63.6215362548828
1542353317.678076591,39.7915831706856,116.498593871501,-63.4594421386719
1542353317.720862511,39.7915839023202,116.498593579911,-63.5048675537109
1542353317.768907397,39.7915846827365,116.498592585107,-63.6013259887695
1542353317.817027429,39.7915820082792,116.498594149463,-63.3826293945312
1542353317.859848942,39.791582594063,116.498593761415,-63.4474182128906
1542353317.907891813,39.7915833918463,116.498593143914,-63.5537185668945
1542353317.950677133,39.7915842438577,116.498592662216,-63.5991363525391
1542353317.998801430,39.7915851068393,116.498592056985,-63.6508178710938
1542353318.041550680,39.7915842770775,116.49859135507,-63.6885452270508
1542353318.089569707,39.7915843265729,116.498590574564,-63.763916015625
1542353318.137661897,39.7915847004946,116.498589941189,-63.817268371582
1542353318.180452719,39.791584943795,116.498589316635,-63.8732452392578
1542353318.228483805,39.7915854110898,116.498588722916,-63.943489074707
1542353318.271262994,39.7915873709414,116.498588979648,-64.1182327270508
1542353318.319347895,39.7915894389965,116.498589354043,-64.1605682373047
1542353318.367428292,39.791592650883,116.498589793676,-64.1769104003906
1542353318.410239402,39.7915952507487,116.498590127727,-64.2086334228516
1542353318.458359455,39.7915956457144,116.498589842378,-64.2780838012695
1542353318.501060922,39.7915971013534,116.498590590674,-64.3105392456055
1542353318.549219982,39.7915982811763,116.498591681216,-64.3603668212891
1542353318.597235401,39.7915725577312,116.498600221707,-62.2943420410156
1542353318.640018873,39.7915714316119,116.49859996126,-62.3638687133789
1542353318.688118920,39.7915705344994,116.498599783406,-62.2995147705078
1542353318.730866770,39.791569581117,116.498600083132,-62.3551712036133
1542353318.778904226,39.7915693022029,116.498601158987,-62.4340438842773
1542353318.827001979,39.7915683305425,116.498601486825,-62.4561614990234
1542353318.869824884,39.79156741847,116.498601637342,-62.4472198486328
1542353318.917852126,39.7915663720656,116.498601884698,-62.4854278564453
1542353318.960628315,39.7915654298398,116.498602067421,-62.5565338134766
1542353319.008792266,39.7915670079618,116.498603074505,-62.3632888793945
1542353319.056824968,39.7915665070997,116.49860321415,-62.4327621459961
1542353319.099595541,39.7915656461644,116.498603304415,-62.4488067626953
1542353319.147636518,39.7915645835117,116.498603478406,-62.5372314453125
1542353319.190514881,39.791565295281,116.498604402974,-62.2518463134766
1542353319.238509937,39.7915647834524,116.498604595048,-62.3131942749023
1542353319.281297439,39.7915639942443,116.498604561322,-62.3062744140625
1542353319.329327831,39.7915637325103,116.498605494129,-61.3670120239258
1542353319.377462394,39.7915632144735,116.498605136414,-61.4366836547852
1542353319.420230922,39.7915631189264,116.498605420697,-61.3931884765625
1542353319.468263738,39.791562374646,116.498605306365,-61.4554290771484
1542353319.511079407,39.791561614276,116.498605123084,-61.5031204223633
1542353319.559105209,39.7915606462274,116.49860477061,-61.5294342041016
1542353319.607252355,39.7915615187177,116.498606766296,-61.2859497070312
1542353319.650016269,39.7915612191411,116.498606697671,-61.3400726318359
1542353319.698095347,39.7915604456487,116.498606473628,-61.427116394043
1542353319.740818287,39.7915596834338,116.498606142594,-61.4880523681641
1542353319.788914433,39.791558852704,116.498605822353,-61.5637130737305
1542353319.837024483,39.7915584609508,116.498606121822,-61.6226348876953
1542353319.879766783,39.7915580430732,116.498606624847,-61.675651550293
1542353319.927859946,39.7915580368635,116.49860907761,-61.0141372680664
1542353319.970681863,39.7915574441738,116.498609207944,-61.0576477050781
1542353320.018734796,39.7915566151892,116.498609307229,-61.1463775634766
1542353320.066779622,39.7915557129853,116.498609197573,-61.1866455078125
1542353320.109613122,39.7915549942591,116.498609188125,-61.2425918579102
1542353320.157685880,39.7915544837959,116.498609381834,-61.313232421875
1542353320.200423699,39.7915550134886,116.498611576304,-60.7916412353516
1542353320.248500704,39.7915544425071,116.498611777129,-60.8429565429688
1542353320.296608425,39.7915536598509,116.498611631108,-60.8326644897461
1542353320.339391744,39.7915529569853,116.49861165885,-60.8852233886719
1542353320.387424843,39.7915528940925,116.4986129135,-61.0082244873047
1542353320.430217129,39.7915522151306,116.498612849125,-61.0595321655273
1542353320.478256946,39.7915514002702,116.498612551044,-61.015754699707
1542353320.521058753,39.7915506098632,116.498612544908,-61.0934829711914
1542353320.569173303,39.7915498320844,116.498612388608,-61.1568222045898
1542353320.617206832,39.7915493538436,116.498612349278,-61.1967620849609
1542353320.660004623,39.7915490341827,116.498612436534,-61.2703857421875
1542353320.708053993,39.7915485943528,116.498612588686,-61.3333282470703
1542353320.750860682,39.7915481532441,116.498612711218,-61.3801116943359
1542353320.798857700,39.7915478390311,116.498616671225,-60.5547332763672
1542353320.846992032,39.7915469818565,116.498617250119,-60.6185302734375
1542353320.889802772,39.7915464361742,116.498617293041,-59.6816711425781
1542353320.937812363,39.7915467281808,116.498618961357,-59.7275161743164
1542353320.980675338,39.7915466006276,116.498620052494,-59.9455108642578
1542353321.028729620,39.7915459979728,116.498619109267,-59.5570602416992
1542353321.076873866,39.7915457350185,116.498619935007,-59.6237335205078
1542353321.119590958,39.7915448099791,116.498619793962,-59.4199676513672
1542353321.167636711,39.7915446365535,116.498620706895,-59.4669494628906
1542353321.210402586,39.7915439292412,116.498620359306,-59.3097534179688
1542353321.258457674,39.7915439763187,116.498621674272,-59.3694229125977
1542353321.306637203,39.7915440130348,116.498623034792,-59.5714874267578
1542353321.349376239,39.7915437796683,116.498624337304,-59.5999069213867
1542353321.397424548,39.7915435753059,116.498625782361,-59.6078872680664
1542353321.440219921,39.7915435589927,116.498626160402,-59.6473083496094
1542353321.488246293,39.7915437643303,116.498626686085,-59.6337432861328
1542353321.536381118,39.7915410452895,116.498622246328,-58.921630859375
1542353321.579130606,39.7915424393056,116.498622807079,-58.966682434082
1542353321.627195926,39.7915431720385,116.498623646701,-59.1534576416016
